Operação,Semestre,Abertura,Fechamento,Dias,Retorno total,Ticker 1,Ticker 2,Converged,Index,Retorno total - exp
1,0,114,131,17,-0.08188873857769119,PETR4,BBDC4,False,PETR4-BBDC4-1,0.9213744664272786
1,0,75,125,50,0.03722970386353697,ITUB4,CMIG3,True,ITUB4-CMIG3-1,1.0379314103126525
2,0,126,131,5,0.1923893994394017,ITUB4,CMIG3,False,ITUB4-CMIG3-2,1.2121424326608368
1,0,35,85,50,0.08265838005215143,ITSA4,POMO4,True,ITSA4-POMO4-1,1.0861706875870376
2,0,101,131,30,-0.05813494423065757,ITSA4,POMO4,False,ITSA4-POMO4-2,0.9435226159121521
1,0,71,121,50,0.066760063909308,BBDC3,CRUZ3,True,BBDC3-CRUZ3-1,1.0690389463746217
1,0,74,124,50,0.01135176875822208,CMIG4,CRUZ3,True,CMIG4-CRUZ3-1,1.01141644458184
1,0,110,131,21,-0.05973492630526178,BBDC3,CMIG4,False,BBDC3-CMIG4-1,0.9420142036777645
1,0,114,131,17,0.02944677945719687,BBDC4,CMIG4,False,BBDC4-CMIG4-1,1.0298846229946694
1,0,104,131,27,-0.20630510791674928,ITUB4,PETR3,False,ITUB4-PETR3-1,0.8135848072447849
1,0,1,51,50,-0.02836960604842842,VALE3,VALE5,True,VALE3-VALE5-1,0.9720290325895954
2,0,52,102,50,-0.05467536652749738,VALE3,VALE5,True,VALE3-VALE5-2,0.9467924585926972
3,0,103,131,28,0.11542735794647052,VALE3,VALE5,False,VALE3-VALE5-3,1.1223529815615878
1,0,28,78,50,0.07893568944996243,CEVA4,CSTB4,True,CEVA4-CSTB4-1,1.082134727152977
1,1,6,27,21,0.2025243007675246,ITSA4,POMO4,True,ITSA4-POMO4-1,1.224489840803328
2,1,32,41,9,0.20875492532051565,ITSA4,POMO4,True,ITSA4-POMO4-2,1.232142994475543
3,1,103,128,25,-0.06257964793901127,ITSA4,POMO4,False,ITSA4-POMO4-3,0.9393382434787849
1,1,25,75,50,0.055074376303235306,BBDC3,AMBV4,True,BBDC3-AMBV4-1,1.056619199183008
2,1,81,127,46,0.06884209147988685,BBDC3,AMBV4,True,BBDC3-AMBV4-2,1.0712670335996457
1,1,3,53,50,-0.06608175245541326,ELET6,WHMT3,True,ELET6-WHMT3-1,0.9360543364230881
2,1,54,104,50,-0.014541777268580303,ELET6,WHMT3,True,ELET6-WHMT3-2,0.9855634437236073
3,1,105,128,23,-0.31327460769384596,ELET6,WHMT3,False,ELET6-WHMT3-3,0.731049133285796
1,1,1,51,50,-0.12425933605643125,CMIG4,AMBV4,True,CMIG4-AMBV4-1,0.8831507783418573
2,1,52,102,50,0.08403744028772087,CMIG4,AMBV4,True,CMIG4-AMBV4-2,1.0876696157098589
3,1,103,128,25,-0.08778375919327075,CMIG4,AMBV4,False,CMIG4-AMBV4-3,0.9159589230061517
1,1,1,51,50,-0.16267854149486105,BBDC3,CMIG4,True,BBDC3-CMIG4-1,0.8498643406291964
2,1,52,102,50,6.294494520897587e-05,BBDC3,CMIG4,True,BBDC3-CMIG4-2,1.0000629469262836
3,1,103,128,25,0.041647003883908185,BBDC3,CMIG4,False,BBDC3-CMIG4-3,1.0425264060182151
1,1,1,51,50,-0.19606827479358202,BBDC4,CMIG4,True,BBDC4-CMIG4-1,0.8219561138783819
2,1,52,102,50,-0.042570043307721406,BBDC4,CMIG4,True,BBDC4-CMIG4-2,0.9583233390335613
3,1,103,128,25,0.10758538786206706,BBDC4,CMIG4,False,BBDC4-CMIG4-3,1.1135859434099613
1,1,113,128,15,0.12029775848595081,BBDC3,CRUZ3,False,BBDC3-CRUZ3-1,1.1278326233217784
1,1,1,51,50,-0.11039246412359938,PETR4,BBDC4,True,PETR4-BBDC4-1,0.8954826215205136
2,1,52,102,50,-0.20445386674615917,PETR4,BBDC4,True,PETR4-BBDC4-2,0.8150923439121563
3,1,103,128,25,0.03003342341719717,PETR4,BBDC4,False,PETR4-BBDC4-3,1.0304889758408875
1,1,101,126,25,0.14710481185158586,BBDC4,AMBV4,True,BBDC4-AMBV4-1,1.1584753786162973
1,1,5,55,50,-0.07422484678019525,VIVT4,WHMT3,True,VIVT4-WHMT3-1,0.9284629084743069
2,1,56,106,50,-0.21551222389717184,VIVT4,WHMT3,True,VIVT4-WHMT3-2,0.8061284161670232
3,1,107,128,21,-0.05497004656849813,VIVT4,WHMT3,False,VIVT4-WHMT3-3,0.9465134988561319
1,2,97,116,19,0.2619932187080596,BBDC4,AMBV4,True,BBDC4-AMBV4-1,1.299517729990393
2,2,131,131,0,0.0,BBDC4,AMBV4,False,BBDC4-AMBV4-2,1.0
1,2,8,58,50,-0.29617230168989517,DURA4,WHMT3,True,DURA4-WHMT3-1,0.7436592832295079
2,2,59,109,50,0.022380962713517527,DURA4,WHMT3,True,DURA4-WHMT3-2,1.0226332954263109
3,2,110,131,21,-0.0007478445735824568,DURA4,WHMT3,False,DURA4-WHMT3-3,0.9992524349924756
1,2,10,14,4,0.05258682518076374,BBDC4,BBDC3,True,BBDC4-BBDC3-1,1.0539940713315934
2,2,85,99,14,0.045229933273458034,BBDC4,BBDC3,True,BBDC4-BBDC3-2,1.0462684041721793
1,2,85,99,14,0.22637213517835775,USIM5,ARCE4,True,USIM5-ARCE4-1,1.254042251693195
2,2,108,131,23,0.12519318407936603,USIM5,ARCE4,False,USIM5-ARCE4-2,1.133367380453479
1,2,78,88,10,0.08892034324180043,BBDC3,AMBV4,True,BBDC3-AMBV4-1,1.0929935885326116
2,2,131,131,0,0.0,BBDC3,AMBV4,False,BBDC3-AMBV4-2,1.0
1,2,99,114,15,0.10511712174703758,PETR4,PETR3,True,PETR4-PETR3-1,1.1108407063412291
2,2,131,131,0,0.0,PETR4,PETR3,False,PETR4-PETR3-2,1.0
1,2,70,95,25,0.1384012692779899,VCPA4,VIVT4,True,VCPA4-VIVT4-1,1.1484362900285594
2,2,110,131,21,-0.10363519853479186,VCPA4,VIVT4,False,VCPA4-VIVT4-2,0.9015541257050599
1,2,6,14,8,0.22256217799387112,ELET6,VIVT4,True,ELET6-VIVT4-1,1.2492734945554809
2,2,57,77,20,0.16540701920708534,ELET6,VIVT4,True,ELET6-VIVT4-2,1.179873252068531
3,2,96,131,35,0.0551122740569312,ELET6,VIVT4,False,ELET6-VIVT4-3,1.056659243435958
1,2,13,63,50,0.004195374688946263,ITUB4,BBDC3,True,ITUB4-BBDC3-1,1.0042041875935055
2,2,68,99,31,0.06473528792762362,ITUB4,BBDC3,True,ITUB4-BBDC3-2,1.0668765718932343
3,2,102,131,29,-0.10961824810051124,ITUB4,BBDC3,False,ITUB4-BBDC3-3,0.8961761869645876
1,2,1,51,50,-0.005884153634800882,ITSA4,POMO4,True,ITSA4-POMO4-1,0.9941331240923207
2,2,52,95,43,0.2960852823708957,ITSA4,POMO4,True,ITSA4-POMO4-2,1.3445848213239862
3,2,103,131,28,-0.23827741321343554,ITSA4,POMO4,False,ITSA4-POMO4-3,0.7879840635788784
1,3,3,7,4,0.019314722502859594,PETR4,PETR3,True,PETR4-PETR3-1,1.0195024584971255
2,3,11,48,37,0.06501650309832374,PETR4,PETR3,True,PETR4-PETR3-2,1.0671766359598216
3,3,61,76,15,0.04740736116863781,PETR4,PETR3,True,PETR4-PETR3-3,1.0485490602622782
4,3,83,128,45,-0.08667916124152364,PETR4,PETR3,False,PETR4-PETR3-4,0.9169712483597134
1,3,57,107,50,0.02516502562101053,BBDC4,BBDC3,True,BBDC4-BBDC3-1,1.0254843377511298
2,3,110,128,18,0.026433224360707497,BBDC4,BBDC3,False,BBDC4-BBDC3-2,1.0267856807021745
1,3,20,29,9,0.052782681979461676,AMBV4,CRUZ3,True,AMBV4-CRUZ3-1,1.0542005234531169
2,3,120,128,8,0.16839614045491946,AMBV4,CRUZ3,False,AMBV4-CRUZ3-2,1.1834053125246518
1,3,100,128,28,-0.15712786870183804,ELET6,VIVT4,False,ELET6-VIVT4-1,0.8545947759063093
1,3,1,7,6,0.15011859053330412,BBDC4,AMBV4,True,BBDC4-AMBV4-1,1.1619720334409147
2,3,58,108,50,0.03186590216971685,BBDC4,AMBV4,True,BBDC4-AMBV4-2,1.0323790562309954
3,3,126,128,2,0.0294138569358966,BBDC4,AMBV4,False,BBDC4-AMBV4-3,1.029850717154368
1,3,1,9,8,0.15777187554085637,BBDC3,CRUZ3,True,BBDC3-CRUZ3-1,1.1708990535248118
2,3,58,108,50,0.030921702855692512,BBDC3,CRUZ3,True,BBDC3-CRUZ3-2,1.0314047446788228
1,3,35,69,34,0.12291253653041267,GGBR4,GOAU4,True,GGBR4-GOAU4-1,1.1307855141977579
1,3,1,9,8,0.15449841617030335,BBDC3,AMBV4,True,BBDC3-AMBV4-1,1.1670724296120585
2,3,59,77,18,0.08582952544469791,BBDC3,AMBV4,True,BBDC3-AMBV4-2,1.0896205598907893
1,3,100,128,28,-0.27742566469822516,PTIP4,VIVT4,False,PTIP4-VIVT4-1,0.7577318887381265
1,3,1,51,50,0.1387656601714655,BRKM5,ARCZ6,True,BRKM5-ARCZ6-1,1.148854846008745
2,3,55,105,50,0.06934119446882074,BRKM5,ARCZ6,True,BRKM5-ARCZ6-2,1.0718018396286035
3,3,119,128,9,-0.04163904234707391,BRKM5,ARCZ6,False,BRKM5-ARCZ6-3,0.959215954431235
1,4,10,52,42,0.049629523465348324,BBDC4,BBDC3,True,BBDC4-BBDC3-1,1.0508816972393344
2,4,71,121,50,0.012402075438488369,BBDC4,BBDC3,True,BBDC4-BBDC3-2,1.0124793000945314
3,4,122,131,9,0.0020368963766141945,BBDC4,BBDC3,False,BBDC4-BBDC3-3,1.002038972259252
1,4,40,90,50,-0.16316446986939814,PETR4,PETR3,True,PETR4-PETR3-1,0.8494514677530244
2,4,91,131,40,0.05921713116588467,PETR4,PETR3,False,PETR4-PETR3-2,1.061005593112357
1,4,49,99,50,0.057155323759885635,AMBV4,CRUZ3,True,AMBV4-CRUZ3-1,1.0588202575673413
1,4,47,97,50,0.01898145222065173,BBDC3,CRUZ3,True,BBDC3-CRUZ3-1,1.019162745236382
2,4,124,131,7,-0.026991189286227346,BBDC3,CRUZ3,False,BBDC3-CRUZ3-2,0.9733698175694138
1,4,66,88,22,0.14960139098148684,BBDC3,AMBV4,True,BBDC3-AMBV4-1,1.1613712174102788
1,4,51,101,50,0.2561327068879964,BBDC4,CRUZ3,True,BBDC4-CRUZ3-1,1.291924163799398
1,4,42,92,50,-0.020697125107295156,CMIG3,CRUZ3,True,CMIG3-CRUZ3-1,0.9795155903262677
2,4,93,131,38,0.2495161270069508,CMIG3,CRUZ3,False,CMIG3-CRUZ3-2,1.2834042617583843
1,4,50,100,50,-0.02264903281638908,BBDC4,AMBV4,True,BBDC4-AMBV4-1,0.9776055310304991
2,4,114,131,17,0.12883404861144765,BBDC4,AMBV4,False,BBDC4-AMBV4-2,1.1375013385749326
1,4,19,69,50,-0.061626756532908944,GGBR4,GOAU4,True,GGBR4-GOAU4-1,0.940233757414425
2,4,70,120,50,0.128780691241402,GGBR4,GOAU4,True,GGBR4-GOAU4-2,1.1374406461142923
1,4,38,77,39,0.534988480913657,BRKM5,ARCZ6,True,BRKM5-ARCZ6-1,1.7074285741237625
1,5,22,72,50,-0.08272703615467392,BBDC4,BBDC3,True,BBDC4-BBDC3-1,0.920602404098782
2,5,73,123,50,-0.011183326511276626,BBDC4,BBDC3,True,BBDC4-BBDC3-2,0.9888789744244734
3,5,124,128,4,0.026584903351528855,BBDC4,BBDC3,False,BBDC4-BBDC3-3,1.0269414343299912
1,5,15,65,50,0.03346379389518983,BBDC3,AMBV4,True,BBDC3-AMBV4-1,1.0340300048497921
2,5,69,119,50,-0.16127081174845903,BBDC3,AMBV4,True,BBDC3-AMBV4-2,0.8510615624265635
3,5,120,128,8,-0.03801446191048852,BBDC3,AMBV4,False,BBDC3-AMBV4-3,0.9626990183234959
1,5,7,57,50,0.0665250530605519,ITSA4,UNIP6,True,ITSA4-UNIP6-1,1.0687877401437318
2,5,58,108,50,-0.15171061274089936,ITSA4,UNIP6,True,ITSA4-UNIP6-2,0.8592368969767372
3,5,109,128,19,-0.04944620732823246,ITSA4,UNIP6,False,ITSA4-UNIP6-3,0.9517563542766295
1,5,1,51,50,0.014623443209228482,ITUB4,BBDC4,True,ITUB4-BBDC4-1,1.0147308888577913
2,5,52,102,50,-0.05631705700593659,ITUB4,BBDC4,True,ITUB4-BBDC4-2,0.945239393603182
3,5,103,128,25,-0.04966071663386051,ITUB4,BBDC4,False,ITUB4-BBDC4-3,0.9515522155775546
1,5,19,63,44,0.28375022707009,ITUB4,CRUZ3,True,ITUB4-CRUZ3-1,1.3281011656021933
1,5,15,34,19,0.1330091233746291,CMIG4,CPLE6,True,CMIG4-CPLE6-1,1.1422604195530874
2,5,44,56,12,0.06660484838646896,CMIG4,CPLE6,True,CMIG4-CPLE6-2,1.068873027812526
3,5,75,124,49,0.09150067598921008,CMIG4,CPLE6,True,CMIG4-CPLE6-3,1.0958175174531088
1,5,76,126,50,-0.12379999217561388,DURA4,VCPA4,True,DURA4-VCPA4-1,0.8835565414329897
2,5,127,128,1,0.0,DURA4,VCPA4,False,DURA4-VCPA4-2,1.0
1,5,15,25,10,0.15009793859373088,BBDC4,AMBV4,True,BBDC4-AMBV4-1,1.1619480367124848
2,5,120,128,8,-0.05708456147528573,BBDC4,AMBV4,False,BBDC4-AMBV4-2,0.9445141964756039
1,5,4,54,50,-0.04929152019378602,BBDC4,CRUZ3,True,BBDC4-CRUZ3-1,0.951903590127216
2,5,55,105,50,0.14124139302569294,BBDC4,CRUZ3,True,BBDC4-CRUZ3-2,1.1517026274141766
3,5,106,128,22,-0.22064888970711405,BBDC4,CRUZ3,False,BBDC4-CRUZ3-3,0.8019982206915977
1,5,11,61,50,-0.17645649115161288,GGBR4,GOAU4,True,GGBR4-GOAU4-1,0.8382352490121598
2,5,62,112,50,-0.08199093835681337,GGBR4,GOAU4,True,GGBR4-GOAU4-2,0.9212803069719407
3,5,113,128,15,0.15025191987389364,GGBR4,GOAU4,False,GGBR4-GOAU4-3,1.1621269687343976
1,6,42,92,50,-0.10367711428041448,CMIG4,CPLE6,True,CMIG4-CPLE6-1,0.9015163371836343
2,6,93,131,38,0.11207018067188423,CMIG4,CPLE6,False,CMIG4-CPLE6-2,1.1185913613837015
1,6,1,51,50,-0.09995196151575392,BBDC4,AMBV4,True,BBDC4-AMBV4-1,0.9048808860980727
2,6,52,102,50,0.20556309941237716,BBDC4,AMBV4,True,BBDC4-AMBV4-2,1.2282164782548763
3,6,103,122,19,0.26773932394025857,BBDC4,AMBV4,True,BBDC4-AMBV4-3,1.307006390328335
1,6,34,84,50,-0.16223105319776698,ITUB4,CMIG4,True,ITUB4-CMIG4-1,0.8502447300793115
2,6,85,131,46,-0.03924614465864229,ITUB4,CMIG4,False,ITUB4-CMIG4-2,0.9615140084788625
1,6,10,60,50,-0.10190817671599417,TSPC6,TPRC6,True,TSPC6-TPRC6-1,0.9031124746149357
2,6,61,111,50,0.0037552902468505067,TSPC6,TPRC6,True,TSPC6-TPRC6-2,1.0037623501838742
3,6,112,131,19,0.08630253306578273,TSPC6,TPRC6,False,TSPC6-TPRC6-3,1.0901360806327165
1,6,118,131,13,-0.08800186627892642,ITUB4,CRUZ3,False,ITUB4-CRUZ3-1,0.9157591676596946
1,6,1,51,50,-0.03561709837932581,BBDC4,CPLE6,True,BBDC4-CPLE6-1,0.9650097265386095
2,6,52,102,50,0.1771710284095206,BBDC4,CPLE6,True,BBDC4-CPLE6-2,1.1938352554128286
1,6,1,51,50,0.06612525472631248,BBDC4,BBDC3,True,BBDC4-BBDC3-1,1.0683605259910105
2,6,52,102,50,-0.010873716943100242,BBDC4,BBDC3,True,BBDC4-BBDC3-2,0.9891851882176377
3,6,103,131,28,-0.008535349480565113,BBDC4,BBDC3,False,BBDC4-BBDC3-3,0.9915009731990942
1,6,4,54,50,0.08510718068224254,ELET6,PTIP4,True,ELET6-PTIP4-1,1.0888337623900268
2,6,61,111,50,-0.20751209750131028,ELET6,PTIP4,True,ELET6-PTIP4-2,0.8126034112428031
3,6,112,131,19,0.048452191478586704,ELET6,PTIP4,False,ELET6-PTIP4-3,1.0496451886362654
1,6,120,131,11,0.16820930658748168,BBDC4,CMIG4,False,BBDC4-CMIG4-1,1.183184232986582
1,6,8,58,50,-0.41835428953501885,BBAS3,ARCE4,True,BBAS3-ARCE4-1,0.6581290188913326
2,6,59,109,50,-0.08954615560693202,BBAS3,ARCE4,True,BBAS3-ARCE4-2,0.9143460619529202
3,6,110,131,21,-0.0623038705899297,BBAS3,ARCE4,False,BBAS3-ARCE4-3,0.9395973274125606
1,7,96,129,33,0.037418002827190655,BRTP4,TNLP4,False,BRTP4-TNLP4-1,1.0381268701234203
1,7,55,105,50,0.019413022092798826,EBEN4,BBAS4,True,EBEN4-BBAS4-1,1.0196026800965283
1,7,103,129,26,-0.018029333224190758,BRTP3,TNLP3,False,BRTP3-TNLP3-1,0.9821322228310874
1,7,8,58,50,-0.10060547250746332,CMIG4,CPLE6,True,CMIG4-CPLE6-1,0.9042897296774683
2,7,59,109,50,-0.03695281573086795,CMIG4,CPLE6,True,CMIG4-CPLE6-2,0.9637216067759394
3,7,110,129,19,0.058799524755822064,CMIG4,CPLE6,False,CMIG4-CPLE6-3,1.0605626028797794
1,7,64,114,50,0.12158260880130933,BBDC3,BMTO4,True,BBDC3-BMTO4-1,1.129282650758149
2,7,115,129,14,-0.1352853890771183,BBDC3,BMTO4,False,BBDC3-BMTO4-2,0.873466598287687
1,7,27,77,50,0.04638223569367478,VALE3,SDIA4,True,VALE3-SDIA4-1,1.0474747166714309
2,7,79,129,50,-0.23117566258487154,VALE3,SDIA4,True,VALE3-SDIA4-2,0.7936000479545532
1,7,1,51,50,-0.07809043509029023,ITUB4,CRUZ3,True,ITUB4-CRUZ3-1,0.9248807810844089
2,7,52,102,50,-0.07942879930845542,ITUB4,CRUZ3,True,ITUB4-CRUZ3-2,0.9236437817034362
3,7,103,129,26,-0.18468583942984867,ITUB4,CRUZ3,False,ITUB4-CRUZ3-3,0.8313654250657844
1,7,1,51,50,0.21086633327191295,POMO4,RCTB31,True,POMO4-RCTB31-1,1.23474729939889
2,7,57,102,45,0.26188064823301316,POMO4,RCTB31,True,POMO4-RCTB31-2,1.2993714508957048
1,7,28,78,50,-0.05016121821566277,CPSL3,TCSL4,True,CPSL3-TCSL4-1,0.9510760813513967
2,7,79,104,25,0.4331067476998751,CPSL3,TCSL4,True,CPSL3-TCSL4-2,1.5420408212258918
1,7,36,49,13,0.07454496263945432,ELET6,CLSC4,True,ELET6-CLSC4-1,1.0773937849015216
1,8,14,64,50,-0.17798963006816823,VALE3,TBLE6,True,VALE3-TBLE6-1,0.8369511025696474
2,8,65,115,50,-0.012965180857399172,VALE3,TBLE6,True,VALE3-TBLE6-2,0.9871185050419078
3,8,116,129,13,0.10321703816287858,VALE3,TBLE6,False,VALE3-TBLE6-3,1.1087320201249453
1,8,1,34,33,0.0678627667596694,ELET6,CLSC4,True,ELET6-CLSC4-1,1.070218428857768
2,8,78,87,9,0.09421268033495855,ELET6,CLSC4,True,ELET6-CLSC4-2,1.098793412819204
3,8,108,129,21,-0.04865136249675217,ELET6,CLSC4,False,ELET6-CLSC4-3,0.9525131536248359
1,8,3,53,50,-0.07713708889223536,CLSC4,DURA4,True,CLSC4-DURA4-1,0.9257629330920276
2,8,54,104,50,0.09105360226781145,CLSC4,DURA4,True,CLSC4-DURA4-2,1.095327715734504
3,8,105,129,24,-0.08504051825941583,CLSC4,DURA4,False,CLSC4-DURA4-3,0.9184750686364055
1,8,5,55,50,-0.21098335622436593,AMBV4,CRUZ3,True,AMBV4-CRUZ3-1,0.8097875446913203
2,8,56,106,50,-0.0688519094898552,AMBV4,CRUZ3,True,AMBV4-CRUZ3-2,0.9334649071371917
3,8,107,129,22,-0.05021616346766067,AMBV4,CRUZ3,False,AMBV4-CRUZ3-3,0.9510238256720516
1,8,33,83,50,0.004053011887246827,ELET6,DURA4,True,ELET6-DURA4-1,1.0040612364475856
1,8,1,51,50,-0.09860428668950805,BRTP4,TNLP4,True,BRTP4-TNLP4-1,0.9061011933930327
2,8,52,102,50,-0.19081419933385257,BRTP4,TNLP4,True,BRTP4-TNLP4-2,0.8262860983971098
3,8,103,129,26,0.15392803057212667,BRTP4,TNLP4,False,BRTP4-TNLP4-3,1.1664069381176034
1,8,1,51,50,-0.10462933915124953,PETR4,PETR3,True,PETR4-PETR3-1,0.9006582994931527
2,8,52,102,50,-0.017552461218436677,PETR4,PETR3,True,PETR4-PETR3-2,0.9826006858836847
3,8,103,129,26,0.0018914651526567017,PETR4,PETR3,False,PETR4-PETR3-3,1.0018932551012325
1,8,63,106,43,0.13094873276542618,KLBN4,RCTB31,True,KLBN4-RCTB31-1,1.1399093398144189
1,8,63,113,50,-0.14084039032002632,BBDC4,GOAU4,True,BBDC4-GOAU4-1,0.8686279420618482
2,8,114,129,15,-0.10780141857204434,BBDC4,GOAU4,False,BBDC4-GOAU4-2,0.8978058663002633
1,8,1,51,50,0.013546842210026,BRTP3,TNLP3,True,BRTP3-TNLP3-1,1.0136390164298619
2,8,52,102,50,-0.1391463426140227,BRTP3,TNLP3,True,BRTP3-TNLP3-2,0.8701006863317883
3,8,103,129,26,0.17018390523888005,BRTP3,TNLP3,False,BRTP3-TNLP3-3,1.185522855137601
1,9,28,78,50,-0.04737040425350347,CLSC4,PMAM4,True,CLSC4-PMAM4-1,0.9537340650020761
2,9,79,88,9,0.2118704142479806,CLSC4,PMAM4,True,CLSC4-PMAM4-2,1.2359877083037465
3,9,101,129,28,-0.028113912312736522,CLSC4,PMAM4,False,CLSC4-PMAM4-3,0.97227760610213
1,9,1,51,50,-0.13173573447850995,ELET6,CLSC4,True,ELET6-CLSC4-1,0.8765726123923281
2,9,52,102,50,0.1352666023926885,ELET6,CLSC4,True,ELET6-CLSC4-2,1.1448419612751841
3,9,103,129,26,-0.044039901433665096,ELET6,CLSC4,False,ELET6-CLSC4-3,0.9569157743999768
1,9,38,88,50,-0.006956423053174066,CPLE6,CRUZ3,True,CPLE6-CRUZ3-1,0.9930677168494474
2,9,93,129,36,-0.09469303441513033,CPLE6,CRUZ3,False,CPLE6-CRUZ3-2,0.9096521235114468
1,9,24,74,50,-0.07156829248357621,GOAU4,CRUZ3,True,GOAU4-CRUZ3-1,0.9309326997178349
2,9,75,125,50,-0.13726046170508915,GOAU4,CRUZ3,True,GOAU4-CRUZ3-2,0.8717431408550171
3,9,126,129,3,0.012140691542761206,GOAU4,CRUZ3,False,GOAU4-CRUZ3-3,1.0122146888947892
1,9,25,75,50,-0.06592174177686799,GOAU4,GETI4,True,GOAU4-GETI4-1,0.9362041270963484
2,9,76,126,50,-0.06580281076218403,GOAU4,GETI4,True,GOAU4-GETI4-2,0.9363154774245078
3,9,127,129,2,0.004616740971428834,GOAU4,GETI4,False,GOAU4-GETI4-3,1.0046274145394056
1,9,17,67,50,-0.33892872947086294,ELET6,PMAM4,True,ELET6-PMAM4-1,0.7125332298999053
2,9,68,118,50,0.27904569008688873,ELET6,PMAM4,True,ELET6-PMAM4-2,1.3218677387416438
3,9,119,129,10,-0.023873876357436985,ELET6,PMAM4,False,ELET6-PMAM4-3,0.9764088502331056
1,9,71,121,50,-0.12877812588995763,KLBN4,RCTB31,True,KLBN4-RCTB31-1,0.8791690087486574
2,9,122,129,7,0.10325909576105374,KLBN4,RCTB31,False,KLBN4-RCTB31-2,1.108778651711331
1,9,24,73,49,0.1748011640112349,BBAS3,CRUZ3,True,BBAS3-CRUZ3-1,1.1910093775398611
2,9,104,128,24,0.19983704731089075,BBAS3,CRUZ3,True,BBAS3-CRUZ3-2,1.2212037435116687
1,9,119,129,10,-0.04684118262079684,PCAR4,TMAR6,False,PCAR4-TMAR6-1,0.9542389352834784
1,9,1,12,11,0.08779442567290219,VALE3,PETR4,True,VALE3-PETR4-1,1.0917636603773797
2,9,21,49,28,0.05789472287122793,VALE3,PETR4,True,VALE3-PETR4-2,1.059603437830572
3,9,54,101,47,0.14280520507899302,VALE3,PETR4,True,VALE3-PETR4-3,1.1535050828481843
1,10,52,67,15,0.13291980586129837,TCOC4,TNLP3,True,TCOC4-TNLP3-1,1.14215840024896
2,10,116,130,14,0.014242336138882372,TCOC4,TNLP3,False,TCOC4-TNLP3-2,1.0143442414232644
1,10,6,16,10,0.14606812804577274,GGBR4,UNIP6,True,GGBR4-UNIP6-1,1.1572750282512476
2,10,96,119,23,0.10935546491209064,GGBR4,UNIP6,True,GGBR4-UNIP6-2,1.1155588218899661
1,10,1,51,50,0.0953655581814635,VALE3,PETR4,True,VALE3-PETR4-1,1.100060917901604
2,10,61,111,50,-0.07247310334732834,VALE3,PETR4,True,VALE3-PETR4-2,0.9300907626520499
3,10,112,130,18,-0.029594832512369024,VALE3,PETR4,False,VALE3-PETR4-3,0.9708388061924833
1,10,95,130,35,0.12722706182424512,BBAS3,EGIE3,False,BBAS3-EGIE3-1,1.1356748569124269
1,10,49,99,50,0.09408391950164241,GETI4,CRUZ3,True,GETI4-CRUZ3-1,1.0986519403719777
2,10,105,130,25,0.23881607730723475,GETI4,CRUZ3,False,GETI4-CRUZ3-2,1.2697449801904528
1,10,70,91,21,0.11373486374663666,VIVT3,VALE5,True,VIVT3-VALE5-1,1.1204550122542176
1,10,37,87,50,0.028692016902634454,SUZB5,UGPA4,True,SUZB5-UGPA4-1,1.0291075979173165
1,10,75,125,50,-0.24059510827901098,ITSA4,ALPA4,True,ITSA4-ALPA4-1,0.7861598715799527
2,10,126,130,4,-0.0015372548310605971,ITSA4,ALPA4,False,ITSA4-ALPA4-2,0.9984639261399186
1,10,89,123,34,0.1260240137189076,BBDC3,CPLE6,True,BBDC3-CPLE6-1,1.1343094069432256
2,10,130,130,0,0.0,BBDC3,CPLE6,False,BBDC3-CPLE6-2,1.0
1,10,1,51,50,0.24143637535838514,BRKM5,CLSC4,True,BRKM5-CLSC4-1,1.2730764533076149
1,11,77,127,50,-0.12483457892783756,GGBR4,UNIP6,True,GGBR4-UNIP6-1,0.8826428982434472
2,11,128,128,0,0.0,GGBR4,UNIP6,False,GGBR4-UNIP6-2,1.0
1,11,4,54,50,-0.000844985059687331,CMIG4,CMIG3,True,CMIG4-CMIG3-1,0.9991553718396563
2,11,55,95,40,0.06057233148725205,CMIG4,CMIG3,True,CMIG4-CMIG3-2,1.0624444429778035
3,11,103,117,14,0.06551520556460366,CMIG4,CMIG3,True,CMIG4-CMIG3-3,1.067708972307823
4,11,124,128,4,0.02945338519006846,CMIG4,CMIG3,False,CMIG4-CMIG3-4,1.0298914261598473
1,11,84,123,39,0.09263656866987136,VIVO3,VIVO4,True,VIVO3-VIVO4-1,1.0970629557587412
1,11,7,57,50,-0.01745009852321522,BBDC3,CPLE6,True,BBDC3-CPLE6-1,0.9827012726862985
2,11,58,108,50,-0.03640189407304495,BBDC3,CPLE6,True,BBDC3-CPLE6-2,0.9642526881599099
3,11,109,128,19,-0.08505683143426651,BBDC3,CPLE6,False,BBDC3-CPLE6-3,0.9184600855142263
1,11,47,55,8,0.08401137946529769,RCTB31,RCTB41,True,RCTB31-RCTB41-1,1.0876412705145
2,11,94,128,34,-0.035636291527259445,RCTB31,RCTB41,False,RCTB31-RCTB41-2,0.9649912051419132
1,11,1,51,50,0.03650392583826578,TNLP3,TNLP4,True,TNLP3-TNLP4-1,1.0371783758043134
2,11,91,128,37,-0.024284676129239458,TNLP3,TNLP4,False,TNLP3-TNLP4-2,0.9760078240766104
1,11,1,51,50,-0.008112677390325285,TCOC4,TNLP3,True,TCOC4-TNLP3-1,0.9919201415670559
2,11,52,102,50,-6.08913472754935e-06,TCOC4,TNLP3,True,TCOC4-TNLP3-2,0.9999939108838112
3,11,103,128,25,-0.03468557123969962,TCOC4,TNLP3,False,TCOC4-TNLP3-3,0.9659090781090476
1,11,1,51,50,-0.013457682721780717,BRTP3,BRTP4,True,BRTP3-BRTP4-1,0.9866324670349458
2,11,52,102,50,0.06766874729398253,BRTP3,BRTP4,True,BRTP3-BRTP4-2,1.0700108057921422
3,11,110,128,18,-0.0403705946905788,BRTP3,BRTP4,False,BRTP3-BRTP4-3,0.9604334416568744
1,11,2,52,50,-0.04523012539627702,BBDC3,UNIP6,True,BBDC3-UNIP6-1,0.9557775078455245
2,11,53,103,50,0.07105830021651219,BBDC3,UNIP6,True,BBDC3-UNIP6-2,1.07364381771081
3,11,124,128,4,0.02702418774627835,BBDC3,UNIP6,False,BBDC3-UNIP6-3,1.0273926527757689
1,11,1,51,50,-0.11015692439317176,BBDC4,ABEV3,True,BBDC4-ABEV3-1,0.895693568097964
2,11,52,102,50,0.04857767324610884,BBDC4,ABEV3,True,BBDC4-ABEV3-2,1.0497769082338377
3,11,103,128,25,0.06272636383528624,BBDC4,ABEV3,False,BBDC4-ABEV3-3,1.0647354492409389
1,12,1,51,50,-0.0697859661932938,TNLP3,TNLP4,True,TNLP3-TNLP4-1,0.9325934050627955
2,12,52,102,50,-0.054152003671352755,TNLP3,TNLP4,True,TNLP3-TNLP4-2,0.9472881042879624
3,12,103,131,28,0.00923168256859963,TNLP3,TNLP4,False,TNLP3-TNLP4-3,1.0092744259800754
1,12,68,118,50,0.02169008240228454,OIBR3,OIBR4,True,OIBR3-OIBR4-1,1.021927022220109
2,12,119,131,12,0.00687655455869951,OIBR3,OIBR4,False,OIBR3-OIBR4-2,1.006900252348572
1,12,16,33,17,0.07124672840894863,VIVO3,VIVO4,True,VIVO3-VIVO4-1,1.0738461415358598
2,12,40,69,29,0.041343199235265526,VIVO3,VIVO4,True,VIVO3-VIVO4-2,1.04220972975603
1,12,27,35,8,0.0548855514303066,CMIG4,CMIG3,True,CMIG4-CMIG3-1,1.0564197020325932
2,12,45,55,10,0.06657436196101008,CMIG4,CMIG3,True,CMIG4-CMIG3-2,1.0688404421913509
3,12,83,131,48,0.01805727705693383,CMIG4,CMIG3,False,CMIG4-CMIG3-3,1.0182212954387162
1,12,19,69,50,-0.03547083781371854,ITUB4,AMBV4,True,ITUB4-AMBV4-1,0.9651508797293507
2,12,70,120,50,-0.040566600896555616,ITUB4,AMBV4,True,ITUB4-AMBV4-2,0.9602452091898505
3,12,121,131,10,0.09466313143460323,ITUB4,AMBV4,False,ITUB4-AMBV4-3,1.0992884770130251
1,12,30,80,50,-0.14186889889916876,VIVT3,VALE5,True,VIVT3-VALE5-1,0.8677350100441893
2,12,81,131,50,-0.09216362688715174,VIVT3,VALE5,True,VIVT3-VALE5-2,0.9119559168282907
1,12,12,62,50,-0.16564179281736413,CRTP5,TLCP4,True,CRTP5-TLCP4-1,0.8473497065842618
2,12,63,113,50,0.15085857336545594,CRTP5,TLCP4,True,CRTP5-TLCP4-2,1.1628321910087682
3,12,114,131,17,0.0034264617663377628,CRTP5,TLCP4,False,CRTP5-TLCP4-3,1.0034323387970123
1,12,87,131,44,0.038409490365906795,CLSC4,UGPA4,False,CLSC4-UGPA4-1,1.0391566704114685
1,12,24,74,50,-0.052453277261863995,BRTP3,BRTP4,True,BRTP3-BRTP4-1,0.9488986551634706
2,12,75,125,50,0.06442622521100683,BRTP3,BRTP4,True,BRTP3-BRTP4-2,1.0665468910702798
3,12,126,131,5,-0.00414883058532034,BRTP3,BRTP4,False,BRTP3-BRTP4-3,0.9958597639224654
1,12,64,114,50,-0.05169905909547534,DURA4,UBBR11,True,DURA4-UBBR11-1,0.9496146017232688
2,12,115,131,16,0.13018137894348036,DURA4,UBBR11,False,DURA4-UBBR11-2,1.1390349615474982
1,13,7,10,3,0.08914584596398667,VIVO3,VIVO4,True,VIVO3-VIVO4-1,1.0932400893544165
2,13,18,68,50,-0.011494508469477083,VIVO3,VIVO4,True,VIVO3-VIVO4-2,0.9885713010024805
3,13,70,120,50,0.057620270500017945,VIVO3,VIVO4,True,VIVO3-VIVO4-3,1.0593126670577064
1,13,15,65,50,-0.11076470042055764,CMIG4,CMIG3,True,CMIG4-CMIG3-1,0.8951493524167651
2,13,66,116,50,0.029709014796095667,CMIG4,CMIG3,True,CMIG4-CMIG3-2,1.0301547305521326
3,13,117,128,11,0.03016756751216021,CMIG4,CMIG3,False,CMIG4-CMIG3-3,1.0306272191239738
1,13,73,123,50,-0.2431445121416408,BBDC4,USIM5,True,BBDC4-USIM5-1,0.7841581852043477
2,13,124,128,4,-0.09125619122023643,BBDC4,USIM5,False,BBDC4-USIM5-2,0.91278383373773
1,13,25,75,50,-0.005165482739088678,ELET6,UBBR11,True,ELET6-UBBR11-1,0.9948478354254247
2,13,76,126,50,0.1675257034704165,ELET6,UBBR11,True,ELET6-UBBR11-2,1.1823756809526826
1,13,58,108,50,0.0701191941747209,CLSC4,SUZB5,True,CLSC4-SUZB5-1,1.0726360256007619
2,13,109,128,19,-0.16115928324714002,CLSC4,SUZB5,False,CLSC4-SUZB5-2,0.8511564853403579
1,13,65,115,50,-0.22964379922059264,KLBN4,RCTB31,True,KLBN4-RCTB31-1,0.794816666402609
2,13,116,128,12,-0.0748805858913919,KLBN4,RCTB31,False,KLBN4-RCTB31-2,0.9278542786049386
1,13,48,61,13,0.27816299050757703,SBSP3,TBLE6,True,SBSP3-TBLE6-1,1.3207014414655358
2,13,121,128,7,-0.05458203130089423,SBSP3,TBLE6,False,SBSP3-TBLE6-2,0.9468808318054689
1,13,43,84,41,0.12077805903538463,TMAR5,TMCP4,True,TMAR5-TMCP4-1,1.1283744520603334
2,13,124,128,4,-0.037355834319450665,TMAR5,TMCP4,False,TMAR5-TMCP4-2,0.9633332873094277
1,13,7,57,50,-0.16942801287985199,ACES4,VIVT4,True,ACES4-VIVT4-1,0.8441475200421152
2,13,58,108,50,-0.2156550956047023,ACES4,VIVT4,True,ACES4-VIVT4-2,0.8060132514508024
3,13,109,128,19,0.07480125923828984,ACES4,VIVT4,False,ACES4-VIVT4-3,1.0776699526531144
1,13,110,126,16,0.2896351354581111,BBAS3,SDIA4,True,BBAS3-SDIA4-1,1.3359399619681802
1,14,68,118,50,0.04571292874470867,VIVO3,VIVO4,True,VIVO3-VIVO4-1,1.0467738691319237
2,14,119,131,12,0.027127596018324596,VIVO3,VIVO4,False,VIVO3-VIVO4-2,1.0274988991679888
1,14,18,68,50,-0.03319754066533742,CPLE6,CMIG3,True,CPLE6-CMIG3-1,0.9673474502547852
2,14,69,119,50,0.04835776374219303,CPLE6,CMIG3,True,CPLE6-CMIG3-2,1.0495460776965706
3,14,120,131,11,-0.025612293179162804,CPLE6,CMIG3,False,CPLE6-CMIG3-3,0.9747129192075951
1,14,1,51,50,-0.07049331189317609,PETR4,GGBR4,True,PETR4-GGBR4-1,0.9319339723789174
2,14,52,102,50,0.07962310010745943,PETR4,GGBR4,True,PETR4-GGBR4-2,1.0828788538282712
3,14,103,131,28,-0.19354809603254386,PETR4,GGBR4,False,PETR4-GGBR4-3,0.8240302026585664
1,14,122,131,9,-0.011756075460263915,TLCP4,TMAR6,False,TLCP4-TMAR6-1,0.9883127571968356
1,14,30,45,15,0.06622139015161138,PETR4,AMBV4,True,PETR4-AMBV4-1,1.0684632382216122
2,14,63,113,50,-0.01866367219054399,PETR4,AMBV4,True,PETR4-AMBV4-2,0.9815094156483508
3,14,114,131,17,-0.030350158141694505,PETR4,AMBV4,False,PETR4-AMBV4-3,0.9701057836304365
1,14,44,94,50,-0.07400555800551123,BRTP3,TNLP3,True,BRTP3-TNLP3-1,0.9286665322932387
2,14,95,131,36,-0.10422148468219827,BRTP3,TNLP3,False,BRTP3-TNLP3-2,0.9010257119259972
1,14,7,57,50,-0.19469976484933382,GGBR4,AMBV4,True,GGBR4-AMBV4-1,0.8230817390328943
2,14,58,108,50,0.04902748368697862,GGBR4,AMBV4,True,GGBR4-AMBV4-2,1.0502492150640537
3,14,109,131,22,-0.15622760560097437,GGBR4,AMBV4,False,GGBR4-AMBV4-3,0.8553644824664703
1,14,1,23,22,0.1543398639818827,UGPA4,VALE5,True,UGPA4-VALE5-1,1.166887402392921
2,14,116,131,15,0.01026052458406812,UGPA4,VALE5,False,UGPA4-VALE5-2,1.0103133442644097
1,14,1,51,50,-0.12069514262343473,ITUB4,GOAU4,True,ITUB4-GOAU4-1,0.88630411475865
2,14,52,102,50,-0.017211797637958215,ITUB4,GOAU4,True,ITUB4-GOAU4-2,0.9829354791742211
3,14,103,131,28,-0.13181491609957702,ITUB4,GOAU4,False,ITUB4-GOAU4-3,0.8765032066997598
1,14,6,56,50,-0.174947170629146,CESP5,TCSL4,True,CESP5-TCSL4-1,0.8395013699269324
2,14,57,107,50,0.08058401037457619,CESP5,TCSL4,True,CESP5-TCSL4-2,1.0839199033344336
3,14,108,131,23,0.039827110527137055,CESP5,TCSL4,False,CESP5-TCSL4-3,1.0406308445207093
1,15,85,129,44,-0.03905386426715385,BBDC4,ABEV3,False,BBDC4-ABEV3-1,0.9616989065444009
1,15,1,51,50,0.06139474981953996,UGPA4,VALE5,True,UGPA4-VALE5-1,1.0633185761670558
2,15,66,116,50,0.012994495376440707,UGPA4,VALE5,True,UGPA4-VALE5-2,1.0130792907243293
3,15,117,129,12,0.05105467996024271,UGPA4,VALE5,False,UGPA4-VALE5-3,1.052380435830369
1,15,95,129,34,-0.10691245700200058,TLCP4,TMAR6,False,TLCP4-TMAR6-1,0.898604336064649
1,15,4,54,50,-0.2984170247559963,PETR4,AMBV4,True,PETR4-AMBV4-1,0.7419918462504008
2,15,55,105,50,0.10126358203025221,PETR4,AMBV4,True,PETR4-AMBV4-2,1.1065682748396108
3,15,106,129,23,0.012890767825119331,PETR4,AMBV4,False,PETR4-AMBV4-3,1.0129742119400849
1,15,88,129,41,-0.01678990189260743,VCPA4,PCAR4,False,VCPA4-PCAR4-1,0.9833502629624443
1,15,17,67,50,0.001516070521565549,BBAS3,UNIP6,True,BBAS3-UNIP6-1,1.0015172203374727
2,15,70,110,40,0.17330116132414686,BBAS3,UNIP6,True,BBAS3-UNIP6-2,1.1892241994938595
1,15,71,119,48,0.13223168154456166,PETR3,CRUZ3,True,PETR3-CRUZ3-1,1.1413727236327782
1,15,1,51,50,-0.0991422979252028,CPLE6,CMIG3,True,CPLE6-CMIG3-1,0.9056138318850502
2,15,52,102,50,-0.08439821792350688,CPLE6,CMIG3,True,CPLE6-CMIG3-2,0.9190651949804011
3,15,103,129,26,0.03173371411210346,CPLE6,CMIG3,False,CPLE6-CMIG3-3,1.032242597068166
1,15,18,68,50,-0.11659721933367884,CRTP5,VIVO4,True,CRTP5-VIVO4-1,0.8899435730496628
2,15,69,119,50,-0.0537268085546736,CRTP5,VIVO4,True,CRTP5-VIVO4-2,0.9476909722066602
3,15,120,129,9,-0.07046659275065625,CRTP5,VIVO4,False,CRTP5-VIVO4-3,0.9319588731882071
1,16,9,59,50,-0.2727573498074026,PETR4,UNIP6,True,PETR4-UNIP6-1,0.7612774893484846
2,16,60,110,50,0.11692308718173117,PETR4,UNIP6,True,PETR4-UNIP6-2,1.1240329738219534
3,16,111,131,20,-0.08294943894646267,PETR4,UNIP6,False,PETR4-UNIP6-3,0.9203976823201744
1,16,46,96,50,-0.062417010840943754,ALPA4,KLBN4,True,ALPA4-KLBN4-1,0.9394910271486177
2,16,97,131,34,-0.060146410578080955,ALPA4,KLBN4,False,ALPA4-KLBN4-2,0.9416266593878372
1,16,31,81,50,-0.03550628906235298,UGPA4,UBBR11,True,UGPA4-UBBR11-1,0.9651166645320329
2,16,82,131,49,0.045893421998957074,UGPA4,UBBR11,False,UGPA4-UBBR11-2,1.0469628218058542
1,16,68,83,15,-0.1659867603198819,EBTP4,TNEP4,True,EBTP4-TNEP4-1,0.8470574488848249
1,16,9,59,50,-0.06677829285611692,BRTP3,BRTP4,True,BRTP3-BRTP4-1,0.9354025637798562
2,16,60,110,50,-0.12180865857907897,BRTP3,BRTP4,True,BRTP3-BRTP4-2,0.885317750253538
3,16,111,131,20,0.00846829467230581,BRTP3,BRTP4,False,BRTP3-BRTP4-3,1.008504252107352
1,16,1,51,50,-0.16789620364547586,PETR3,GGBR4,True,PETR3-GGBR4-1,0.8454415838849267
2,16,52,102,50,0.1016867347116095,PETR3,GGBR4,True,PETR3-GGBR4-2,1.1070366212562466
3,16,103,131,28,0.01434267527460431,PETR3,GGBR4,False,PETR3-GGBR4-3,1.0144460249541236
1,16,99,131,32,-0.1921908937925927,PTIP4,UBBR11,False,PTIP4-UBBR11-1,0.8251493375698191
1,16,53,103,50,-0.002003946913763155,GGBR4,GOAU4,True,GGBR4-GOAU4-1,0.9979980596472824
2,16,104,131,27,-0.08878680918345139,GGBR4,GOAU4,False,GGBR4-GOAU4-2,0.9150406310407897
1,16,61,111,50,0.10530104899090076,PETR3,CRUZ3,True,PETR3-CRUZ3-1,1.111045039001313
1,16,21,71,50,-0.09053167511772653,CRTP5,VIVO3,True,CRTP5-VIVO3-1,0.9134453999521319
2,16,72,122,50,0.05614586170143587,CRTP5,VIVO3,True,CRTP5-VIVO3-2,1.0577519579852743
3,16,125,131,6,-0.022763328573851105,CRTP5,VIVO3,False,CRTP5-VIVO3-3,0.9774938012510724
1,17,10,25,15,0.1464869921839429,VALE3,UBBR11,True,VALE3-UBBR11-1,1.15775987079307
1,17,1,51,50,0.06477297816968952,GGBR4,GOAU4,True,GGBR4-GOAU4-1,1.0669167834872708
2,17,52,102,50,-0.03381025617351496,GGBR4,GOAU4,True,GGBR4-GOAU4-2,0.96675492301407
3,17,103,128,25,0.024787194722831307,GGBR4,GOAU4,False,GGBR4-GOAU4-3,1.025096951270628
1,17,21,71,50,0.009105605939934813,PETR3,CRUZ3,True,PETR3-CRUZ3-1,1.0091471880840812
2,17,72,122,50,-0.18886623445478934,PETR3,CRUZ3,True,PETR3-CRUZ3-2,0.8278972434143334
3,17,123,128,5,0.0011947935081337846,PETR3,CRUZ3,False,PETR3-CRUZ3-3,1.00119550755825
1,17,10,60,50,-0.4397056141220492,EMAE4,PMAM4,True,EMAE4-PMAM4-1,0.6442260442202116
2,17,61,111,50,0.18607390640805388,EMAE4,PMAM4,True,EMAE4-PMAM4-2,1.2045112781901273
3,17,112,128,16,0.3269734844863035,EMAE4,PMAM4,False,EMAE4-PMAM4-3,1.3867647059142463
1,17,5,55,50,-0.11810805197267027,CGAS5,CRUZ3,True,CGAS5-CRUZ3-1,0.8886000324407061
2,17,56,106,50,-0.005003323577440932,CGAS5,CRUZ3,True,CGAS5-CRUZ3-2,0.9950091721971486
3,17,107,128,21,0.13195780678125835,CGAS5,CRUZ3,False,CGAS5-CRUZ3-3,1.1410601732500372
1,17,2,52,50,0.03401402278056964,PETR3,TCSL4,True,PETR3-TCSL4-1,1.0345991145827587
2,17,53,103,50,-0.07175407381226062,PETR3,TCSL4,True,PETR3-TCSL4-2,0.9307597658684031
3,17,104,128,24,-0.11905423270088411,PETR3,TCSL4,False,PETR3-TCSL4-3,0.887759653852629
1,17,1,32,31,-0.051484429067144344,ALPA4,BMTO4,True,ALPA4-BMTO4-1,0.9498184394062016
2,17,41,91,50,-0.0750218848271047,ALPA4,BMTO4,True,ALPA4-BMTO4-2,0.9277231830449248
3,17,92,99,7,-0.09379564126970874,ALPA4,BMTO4,True,ALPA4-BMTO4-3,0.910468805479397
4,17,102,121,19,-0.0906358170026269,ALPA4,BMTO4,True,ALPA4-BMTO4-4,0.9133502769796561
5,17,125,128,3,-0.05852518667791062,ALPA4,BMTO4,False,ALPA4-BMTO4-5,0.9431544851722723
1,17,12,62,50,-0.1515472341216415,CLSC4,UBBR11,True,CLSC4-UBBR11-1,0.8593772893828271
2,17,63,113,50,-0.01808578048702869,CLSC4,UBBR11,True,CLSC4-UBBR11-2,0.9820767857200149
3,17,114,128,14,0.015087199904518789,CLSC4,UBBR11,False,CLSC4-UBBR11-3,1.0152015862375117
1,17,1,40,39,0.15541176520925704,PETR4,BBAS3,True,PETR4-BBAS3-1,1.168138861031955
1,17,1,51,50,-0.18196959059177065,TNLP3,TNLP4,True,TNLP3-TNLP4-1,0.8336266901246294
2,17,52,102,50,-0.05518378394960033,TNLP3,TNLP4,True,TNLP3-TNLP4-2,0.9463112151582725
3,17,103,128,25,-0.03817339422737076,TNLP3,TNLP4,False,TNLP3-TNLP4-3,0.9625460264960484
1,18,105,130,25,-0.08376449534830543,VALE3,UBBR11,False,VALE3-UBBR11-1,0.919647811931801
1,18,57,107,50,-0.04210072098373652,CESP5,EMAE4,True,CESP5-EMAE4-1,0.9587732071284779
2,18,108,130,22,0.08329162529691758,CESP5,EMAE4,False,CESP5-EMAE4-2,1.0868587178329054
1,18,68,118,50,-0.11861873838523529,CRUZ3,TCSL4,True,CRUZ3-TCSL4-1,0.8881463523319274
2,18,119,130,11,-0.08564697555191447,CRUZ3,TCSL4,False,CRUZ3-TCSL4-2,0.917918221602092
1,18,96,103,7,0.12464991094000721,PETR4,BBAS3,True,PETR4-BBAS3-1,1.1327518196226256
1,18,38,55,17,0.09689763184226896,EMBR3,VIVT4,True,EMBR3-VIVT4-1,1.1017475839776187
2,18,79,94,15,0.1136135025627274,EMBR3,VIVT4,True,EMBR3-VIVT4-2,1.120319040758411
3,18,122,130,8,0.04126884100408912,EMBR3,VIVT4,False,EMBR3-VIVT4-3,1.0421322357652043
1,18,58,70,12,0.12602540021112274,PETR3,NTCO3,True,PETR3-NTCO3-1,1.134310979655478
1,18,7,57,50,-0.06357758956029547,SBSP3,CRUZ3,True,SBSP3-CRUZ3-1,0.9384013063311984
2,18,58,108,50,0.18516038200290597,SBSP3,CRUZ3,True,SBSP3-CRUZ3-2,1.203411430186709
3,18,120,130,10,-0.06426055613315018,SBSP3,CRUZ3,False,SBSP3-CRUZ3-3,0.9377606284127555
1,18,104,130,26,0.044152524856416075,SBSP3,TCSL4,False,SBSP3-TCSL4-1,1.0451417528278453
1,18,1,51,50,-0.05122788720764637,PETR3,CGAS5,True,PETR3-CGAS5-1,0.9500621388530504
2,18,52,102,50,0.006274629726683134,PETR3,CGAS5,True,PETR3-CGAS5-2,1.0062943564535058
3,18,103,130,27,-0.10850611486224948,PETR3,CGAS5,False,PETR3-CGAS5-3,0.8971734087083895
1,18,119,130,11,-0.12068436648686476,ITSA4,ALPA4,False,ITSA4-ALPA4-1,0.8863136657442945
1,19,79,129,50,-0.00275769060461295,USIM5,USIM3,True,USIM5-USIM3-1,0.9972461083312235
1,19,84,93,9,0.079319285882685,PETR4,CPFE3,True,PETR4-CPFE3-1,1.0825499098002382
2,19,105,115,10,0.07025235017284825,PETR4,CPFE3,True,PETR4-CPFE3-2,1.0727788630309973
3,19,123,129,6,-0.054212530969012684,PETR4,CPFE3,False,PETR4-CPFE3-3,0.9472307692340899
1,19,13,21,8,0.2449324379354021,EMAE4,CRUZ3,True,EMAE4-CRUZ3-1,1.2775349973870624
2,19,74,124,50,0.023339035028555277,EMAE4,CRUZ3,True,EMAE4-CRUZ3-2,1.0236135215638777
3,19,125,129,4,-0.042818645159832136,EMAE4,CRUZ3,False,EMAE4-CRUZ3-3,0.9580851276876743
1,19,24,62,38,0.1278480461287388,BBAS3,CPFE3,True,BBAS3-CPFE3-1,1.1363803121892349
2,19,83,129,46,0.02243776602116343,BBAS3,CPFE3,False,BBAS3-CPFE3-2,1.0226913860298537
1,19,4,54,50,-0.04509833602040292,EMBR3,VIVT4,True,EMBR3-VIVT4-1,0.9559034774673046
2,19,55,105,50,-0.01208639106669862,EMBR3,VIVT4,True,EMBR3-VIVT4-2,0.9879863559797708
3,19,106,129,23,-0.0147634626690607,EMBR3,VIVT4,False,EMBR3-VIVT4-3,0.9853449829125674
1,19,6,11,5,0.09450439531145238,PETR3,NTCO3,True,PETR3-NTCO3-1,1.0991139940706989
2,19,29,76,47,0.09490757365162272,PETR3,NTCO3,True,PETR3-NTCO3-2,1.0995572223705075
1,19,3,48,45,0.07421251274519114,CPFE3,GETI4,True,CPFE3-GETI4-1,1.077035664983414
2,19,92,101,9,0.0923921736547424,CPFE3,GETI4,True,CPFE3-GETI4-2,1.096794871801597
1,19,2,4,2,0.12243759862246795,PETR4,BBAS3,True,PETR4-BBAS3-1,1.1302485888045146
2,19,32,62,30,0.14411283542724185,PETR4,BBAS3,True,PETR4-BBAS3-2,1.1550144277188865
3,19,95,103,8,0.12060642423174239,PETR4,BBAS3,True,PETR4-BBAS3-3,1.1281808003519809
4,19,105,123,18,0.10396610128901962,PETR4,BBAS3,True,PETR4-BBAS3-4,1.109562841527984
1,19,63,113,50,0.03282668942542788,CPSL3,VCPA4,True,CPSL3-VCPA4-1,1.0333714295247525
2,19,114,129,15,0.003719165250264833,CPSL3,VCPA4,False,CPSL3-VCPA4-2,1.0037260899273557
1,19,89,129,40,0.03437789694135951,VIVT3,ARCZ6,False,VIVT3-ARCZ6-1,1.03497564696838
1,20,18,49,31,0.12447838490986318,PETR4,CPFE3,True,PETR4-CPFE3-1,1.1325575398623617
2,20,124,129,5,-0.00046779945549157986,PETR4,CPFE3,False,PETR4-CPFE3-2,0.9995323099456138
1,20,50,100,50,-0.017881129453385602,PETR3,NTCO3,True,PETR3-NTCO3-1,0.9822777893164247
2,20,101,129,28,0.13738485434789371,PETR3,NTCO3,False,PETR3-NTCO3-2,1.1472695952605432
1,20,53,103,50,0.055519238756558564,ABEV3,CMIG4,True,ABEV3-CMIG4-1,1.0570893539615356
1,20,1,51,50,0.00976700028297639,BBDC4,BBDC3,True,BBDC4-BBDC3-1,1.0098148530961686
2,20,52,102,50,-0.02142150993545311,BBDC4,BBDC3,True,BBDC4-BBDC3-2,0.9788063010239115
3,20,103,129,26,0.039067307797461925,BBDC4,BBDC3,False,BBDC4-BBDC3-3,1.0398404706665878
1,20,111,129,18,0.05594470786854355,PETR4,BBAS3,False,PETR4-BBAS3-1,1.0575392085230786
1,20,33,83,50,0.16205119138564328,VIVT4,VALE5,True,VIVT4-VALE5-1,1.175920436776807
1,20,23,58,35,0.11602310818534134,ACES4,VCPA4,True,ACES4-VCPA4-1,1.1230218228298412
2,20,78,128,50,-0.0775228428734871,ACES4,VCPA4,True,ACES4-VCPA4-2,0.9254058852256377
3,20,129,129,0,0.0,ACES4,VCPA4,False,ACES4-VCPA4-3,1.0
1,20,31,73,42,0.08848604975655205,CPFE3,GETI4,True,CPFE3-GETI4-1,1.0925190115979884
2,20,109,129,20,-0.0030113343989428554,CPFE3,GETI4,False,CPFE3-GETI4-2,0.9969931951207147
1,20,108,129,21,-0.0654664679587511,BBAS3,CPFE3,False,BBAS3-CPFE3-1,0.9366304533640583
1,21,53,103,50,-0.13871220616141922,GETI4,CGAS5,True,GETI4-CGAS5-1,0.8704785107649056
2,21,104,129,25,0.08825871305066113,GETI4,CGAS5,False,GETI4-CGAS5-2,1.092270670154401
1,21,11,50,39,0.16033895643664664,VIVT3,GOAU4,True,VIVT3-GOAU4-1,1.1739087074758172
1,21,3,44,41,0.05710576358247921,BBDC4,BBDC3,True,BBDC4-BBDC3-1,1.0587677835478564
2,21,129,129,0,0.0,BBDC4,BBDC3,False,BBDC4-BBDC3-2,1.0
1,21,46,96,50,0.03584196131115036,CMIG4,CMIG3,True,CMIG4-CMIG3-1,1.03649202770535
2,21,129,129,0,0.0,CMIG4,CMIG3,False,CMIG4-CMIG3-2,1.0
1,21,98,129,31,0.07232793580548313,PETR4,CPFE3,False,PETR4-CPFE3-1,1.0750078198212378
1,21,1,46,45,0.07886557988308596,VIVT4,UBBR11,True,VIVT4-UBBR11-1,1.0820588618154283
2,21,77,117,40,0.06082244019599514,VIVT4,UBBR11,True,VIVT4-UBBR11-2,1.0627102028185877
1,21,1,51,50,-0.04885786737277531,GGBR4,GOAU4,True,GGBR4-GOAU4-1,0.9523164753223494
2,21,52,102,50,-0.03349208642200896,GGBR4,GOAU4,True,GGBR4-GOAU4-2,0.9670625641261454
3,21,103,129,26,-0.04418700638849504,GGBR4,GOAU4,False,GGBR4-GOAU4-3,0.9567750177014653
1,21,39,51,12,0.0994101651731516,BBDC4,ENBR3,True,BBDC4-ENBR3-1,1.1045192419880663
2,21,129,129,0,0.0,BBDC4,ENBR3,False,BBDC4-ENBR3-2,1.0
1,21,25,75,50,-0.36016591998333847,NTCO3,UGPA4,True,NTCO3-UGPA4-1,0.6975605772294222
2,21,76,126,50,0.1232495378753975,NTCO3,UGPA4,True,NTCO3-UGPA4-2,1.1311666546557482
3,21,127,129,2,0.0006333678961172318,NTCO3,UGPA4,False,NTCO3-UGPA4-3,1.0006335685159162
1,21,38,88,50,-0.06591331565519365,VIVT4,VALE5,True,VIVT4-VALE5-1,0.9362120156994704
2,21,89,129,40,0.14222283889401233,VIVT4,VALE5,False,VIVT4-VALE5-2,1.1528335160616041
1,22,89,130,41,-0.026351777978972146,BBDC4,BBDC3,False,BBDC4-BBDC3-1,0.9739924002589024
1,22,1,51,50,0.042154707024885996,CMIG4,CMIG3,True,CMIG4-CMIG3-1,1.04305583433394
2,22,52,102,50,0.0017532531130166618,CMIG4,CMIG3,True,CMIG4-CMIG3-2,1.0017547909598694
3,22,103,130,27,-0.033586970366077495,CMIG4,CMIG3,False,CMIG4-CMIG3-3,0.9669708097689765
1,22,86,130,44,-0.0831168661790116,VIVT4,UBBR11,False,VIVT4-UBBR11-1,0.920243595582897
1,22,85,130,45,0.024525529389092027,BBDC4,ENBR3,False,BBDC4-ENBR3-1,1.0248287540252499
1,22,19,69,50,-0.07220341132124597,RENT3,BBDC3,True,RENT3-BBDC3-1,0.9303416345418236
2,22,70,120,50,-0.048124010560499864,RENT3,BBDC3,True,RENT3-BBDC3-2,0.9530155957509757
3,22,121,130,9,0.22145401562096456,RENT3,BBDC3,False,RENT3-BBDC3-3,1.247889863460898
1,22,98,130,32,-0.037556671097465966,VIVT3,GOAU4,False,VIVT3-GOAU4-1,0.9631398339827713
1,22,64,114,50,-0.17183343784795335,BBDC4,RENT3,True,BBDC4-RENT3-1,0.842119426711703
2,22,115,130,15,0.11913799501215694,BBDC4,RENT3,False,BBDC4-RENT3-2,1.1265253624439326
1,22,5,55,50,0.02592182223538808,BBAS3,CGAS5,True,BBAS3-CGAS5-1,1.0262607145686553
2,22,62,112,50,-0.10463010479000046,BBAS3,CGAS5,True,BBAS3-CGAS5-2,0.9006576099145212
3,22,113,130,17,-0.068667624323552,BBAS3,CGAS5,False,BBAS3-CGAS5-3,0.9336369467245268
1,22,70,120,50,-0.09848285719046368,BBDC3,ENBR3,True,BBDC3-ENBR3-1,0.9062112274875872
2,22,121,130,9,0.15292370737877237,BBDC3,ENBR3,False,BBDC3-ENBR3-2,1.1652360766368504
1,22,72,122,50,0.0010347620845507777,CGAS5,SDIA4,True,CGAS5-SDIA4-1,1.0010352976355432
2,22,123,130,7,0.03304962925002597,CGAS5,SDIA4,False,CGAS5-SDIA4-2,1.0336018348523028
1,23,1,51,50,-0.011338728605816861,BBDC4,BBDC3,True,BBDC4-BBDC3-1,0.9887253125006027
2,23,52,102,50,-0.028910061649002783,BBDC4,BBDC3,True,BBDC4-BBDC3-2,0.971503835990517
3,23,103,129,26,0.01457067955872926,BBDC4,BBDC3,False,BBDC4-BBDC3-3,1.0146773493643029
1,23,70,120,50,-0.09953370564889319,GOLL4,TAMM4,True,GOLL4-TAMM4-1,0.9052594369975421
2,23,121,129,8,-0.11044675132426418,GOLL4,TAMM4,False,GOLL4-TAMM4-2,0.8954340095952619
1,23,121,129,8,0.04272057725414946,CCRO3,AMBV4,False,CCRO3-AMBV4-1,1.0436462356075469
1,23,14,51,37,0.17272427864723294,ITUB4,CRUZ3,True,ITUB4-CRUZ3-1,1.1885383544992731
1,23,8,58,50,0.14958016992640788,BBAS3,SBSP3,True,BBAS3-SBSP3-1,1.1613465721492071
2,23,110,129,19,0.0915947286906924,BBAS3,SBSP3,False,BBAS3-SBSP3-2,1.095920586897861
1,23,45,95,50,0.13059688263342606,EGIE3,CPFE3,True,EGIE3-CPFE3-1,1.1395083331140043
1,23,13,63,50,-0.057776976204575003,BRTP4,TNLP4,True,BRTP4-TNLP4-1,0.9438604272997649
2,23,64,86,22,0.2969050885015534,BRTP4,TNLP4,True,BRTP4-TNLP4-2,1.3456875721628845
1,23,14,64,50,0.05490897607317069,ELET6,BRKM5,True,ELET6-BRKM5-1,1.0564444485766662
2,23,67,117,50,-0.11585997676744109,ELET6,BRKM5,True,ELET6-BRKM5-2,0.8905999192467136
3,23,118,129,11,-0.10630515238775429,ELET6,BRKM5,False,ELET6-BRKM5-3,0.8991502283690025
1,24,3,53,50,-0.07548941128977704,EGIE3,GETI4,True,EGIE3-GETI4-1,0.927289549282345
2,24,54,76,22,0.11657587827231009,EGIE3,GETI4,True,EGIE3-GETI4-2,1.123642767304469
3,24,85,98,13,0.06034901875955123,EGIE3,GETI4,True,EGIE3-GETI4-3,1.0622072121005346
4,24,104,131,27,-0.04435119079134542,EGIE3,GETI4,False,EGIE3-GETI4-4,0.9566179430614776
1,24,65,115,50,-0.31282195772099775,ITUB4,BRAP4,True,ITUB4-BRAP4-1,0.7313801175604887
2,24,116,131,15,0.1799732864586181,ITUB4,BRAP4,False,ITUB4-BRAP4-2,1.1971853816334086
1,24,70,120,50,0.048409447395774574,ITUB4,CRUZ3,True,ITUB4-CRUZ3-1,1.049600323474266
1,24,1,51,50,-0.015314843875904538,BBDC4,BBDC3,True,BBDC4-BBDC3-1,0.9848018319621057
2,24,52,102,50,-0.013746578633066164,BBDC4,BBDC3,True,BBDC4-BBDC3-2,0.9863474741179042
3,24,103,131,28,0.045873014703738835,BBDC4,BBDC3,False,BBDC4-BBDC3-3,1.0469414563444734
1,24,36,86,50,0.059017797915767334,EGIE3,CPFE3,True,EGIE3-CPFE3-1,1.0607941204965514
2,24,87,131,44,0.13747770480813637,EGIE3,CPFE3,False,EGIE3-CPFE3-2,1.1473761247160634
1,24,54,104,50,0.09880177435846305,TIMS3,TCSL4,True,TIMS3-TCSL4-1,1.1038474669981815
2,24,107,131,24,0.08318687056236007,TIMS3,TCSL4,False,TIMS3-TCSL4-2,1.0867448701995608
1,24,53,103,50,-0.0982674441016469,BRFS3,SUZB5,True,BRFS3-SUZB5-1,0.9064064582740992
2,24,104,131,27,0.14657795509101512,BRFS3,SUZB5,False,BRFS3-SUZB5-2,1.1578651887865516
1,24,90,131,41,0.2946057605905422,ITSA4,TAEE11,False,ITSA4-TAEE11-1,1.3425969497075996
1,24,66,116,50,-0.10936602255301942,CMIG4,HGTX3,True,CMIG4-HGTX3-1,0.8964022540027365
2,24,117,131,14,0.2606261335717697,CMIG4,HGTX3,False,CMIG4-HGTX3-2,1.2977423924126825
1,24,45,49,4,0.08828445163866938,EBTP3,EBTP4,True,EBTP3-EBTP4-1,1.0922987840209777
2,24,74,75,1,0.0,EBTP3,EBTP4,True,EBTP3-EBTP4-2,1.0
3,24,85,86,1,0.0,EBTP3,EBTP4,True,EBTP3-EBTP4-3,1.0
4,24,117,131,14,0.05641440713615342,EBTP3,EBTP4,False,EBTP3-EBTP4-4,1.0580360505888333
1,25,8,23,15,0.052607514549949386,USIM5,USIM3,True,USIM5-USIM3-1,1.0540158780296374
2,25,57,106,49,0.05253969028561123,USIM5,USIM3,True,USIM5-USIM3-2,1.05394439260236
1,25,21,71,50,0.0349407056061124,BBDC3,MULT3,True,BBDC3-MULT3-1,1.0355583041771848
2,25,79,128,49,-0.11545946681374786,BBDC3,MULT3,False,BBDC3-MULT3-2,0.8909566848184425
1,25,19,69,50,-0.1284478885288789,EGIE3,GETI4,True,EGIE3-GETI4-1,0.8794593911469683
2,25,70,120,50,-0.13871403744506172,EGIE3,GETI4,True,EGIE3-GETI4-2,0.8704769166733073
3,25,121,128,7,0.006782502277220326,EGIE3,GETI4,False,EGIE3-GETI4-3,1.0068055555359121
1,25,18,28,10,0.17900923488452447,NETC4,UBBR11,True,NETC4-UBBR11-1,1.196031789332345
2,25,37,74,37,0.04897434795753153,NETC4,UBBR11,True,NETC4-UBBR11-2,1.0501934107885236
1,25,3,53,50,-0.023808434162662095,EBTP3,EBTP4,True,EBTP3-EBTP4-1,0.9764727506621318
2,25,57,61,4,0.056833157714113014,EBTP3,EBTP4,True,EBTP3-EBTP4-2,1.0584791965738627
3,25,64,65,1,0.0,EBTP3,EBTP4,True,EBTP3-EBTP4-3,1.0
4,25,68,108,40,0.09511878746458446,EBTP3,EBTP4,True,EBTP3-EBTP4-4,1.0997894885720656
5,25,113,124,11,0.059224905613401546,EBTP3,EBTP4,True,EBTP3-EBTP4-5,1.0610138418767205
1,25,5,43,38,0.11812873627498854,ELPL4,UGPA4,True,ELPL4-UGPA4-1,1.125388980427444
1,25,1,51,50,-0.06578348065259887,CMIG4,CMIG3,True,CMIG4-CMIG3-1,0.9363335766802224
2,25,52,102,50,0.06177989485024593,CMIG4,CMIG3,True,CMIG4-CMIG3-2,1.063728186907431
3,25,103,128,25,0.03685062730476063,CMIG4,CMIG3,False,CMIG4-CMIG3-3,1.0375380294108352
1,25,1,51,50,-0.17119520038416747,DURA4,VALE5,True,DURA4-VALE5-1,0.8426570704327442
2,25,52,102,50,0.019538857426795175,DURA4,VALE5,True,DURA4-VALE5-2,1.0197309902131255
3,25,103,123,20,0.1632368276473386,DURA4,VALE5,True,DURA4-VALE5-3,1.1773154775295485
1,25,59,95,36,0.11632074900501443,CCRO3,ENBR3,True,CCRO3-ENBR3-1,1.1233561297149186
1,25,2,25,23,0.1704878881466887,SBSP3,DASA3,True,SBSP3-DASA3-1,1.18588328860241
2,25,101,128,27,0.056740616360093865,SBSP3,DASA3,False,SBSP3-DASA3-2,1.058381248008027
1,26,19,57,38,0.07593346826254876,USIM5,USIM3,True,USIM5-USIM3-1,1.0788907912905263
1,26,32,38,6,0.03942727494214493,VIVO3,VIVO4,True,VIVO3-VIVO4-1,1.0402148464491876
2,26,60,73,13,0.02656271921062725,VIVO3,VIVO4,True,VIVO3-VIVO4-2,1.0269186527692098
3,26,83,87,4,0.07747771020358973,VIVO3,VIVO4,True,VIVO3-VIVO4-3,1.0805581467690273
4,26,93,98,5,0.010962375045663109,VIVO3,VIVO4,True,VIVO3-VIVO4-4,1.0110226820468444
5,26,109,120,11,0.023070095599724727,VIVO3,VIVO4,True,VIVO3-VIVO4-5,1.0233382685428993
1,26,2,19,17,0.03501451784502496,EBTP3,EBTP4,True,EBTP3-EBTP4-1,1.0356347438751985
2,26,21,71,50,0.06877757053223021,EBTP3,EBTP4,True,EBTP3-EBTP4-2,1.0711979166652137
3,26,72,108,36,0.046999956711903046,EBTP3,EBTP4,True,EBTP3-EBTP4-3,1.0481219637084496
4,26,110,131,21,-0.006790340076446633,EBTP3,EBTP4,False,EBTP3-EBTP4-4,0.993232662188881
1,26,122,131,9,0.018178704684862712,BBAS3,DASA3,False,BBAS3-DASA3-1,1.0183449431422997
1,26,115,131,16,-0.04327738216265464,ELET3,VIVT3,False,ELET3-VIVT3-1,0.9576457193818804
1,26,97,104,7,0.08384847462272615,ENBR3,TRPL4,True,ENBR3-TRPL4-1,1.0874641029156742
2,26,108,131,23,-0.022492203062985716,ENBR3,TRPL4,False,ENBR3-TRPL4-2,0.9777588606878683
1,26,4,54,50,0.040510196538096954,CCRO3,ENBR3,True,CCRO3-ENBR3-1,1.0413419277310219
2,26,56,64,8,0.09980668025411976,CCRO3,ENBR3,True,CCRO3-ENBR3-2,1.1049572873647937
3,26,78,128,50,-0.02589141392302774,CCRO3,ENBR3,True,CCRO3-ENBR3-3,0.9744408945781556
4,26,129,131,2,-0.015047649414040132,CCRO3,ENBR3,False,CCRO3-ENBR3-4,0.9850650007146908
1,26,1,51,50,0.08336446664156427,BBDC3,CCRO3,True,BBDC3-CCRO3-1,1.0869378889667842
2,26,86,131,45,-0.05611338480835393,BBDC3,CCRO3,False,BBDC3-CCRO3-2,0.9454319321944323
1,26,1,51,50,0.03369382616084726,VIVT3,LIGT3,True,VIVT3-LIGT3-1,1.0342678924744313
2,26,52,82,30,0.0974160247724285,VIVT3,LIGT3,True,VIVT3-LIGT3-2,1.1023188701985485
3,26,117,131,14,0.011331828369729902,VIVT3,LIGT3,False,VIVT3-LIGT3-3,1.0113962767460858
1,27,108,128,20,-0.020783879025317198,VIVO3,VIVO4,False,VIVO3-VIVO4-1,0.9794306171969724
1,27,16,64,48,0.0839106424778997,BBDC4,AMBV4,True,BBDC4-AMBV4-1,1.0875317103280129
2,27,82,128,46,-0.1470359858947583,BBDC4,AMBV4,False,BBDC4-AMBV4-2,0.8632629115690722
1,27,1,51,50,-0.007372448521844266,USIM5,USIM3,True,USIM5-USIM3-1,0.9926546613138928
2,27,52,102,50,0.041281929112852556,USIM5,USIM3,True,USIM5-USIM3-2,1.04214587539451
3,27,123,128,5,-0.0008519585266673069,USIM5,USIM3,False,USIM5-USIM3-3,0.999148404286957
1,27,29,79,50,-0.06335048982887193,VIVT3,LIGT3,True,VIVT3-LIGT3-1,0.9386144412163554
2,27,80,128,48,0.16574122679940873,VIVT3,LIGT3,False,VIVT3-LIGT3-2,1.1802676405674961
1,27,1,51,50,0.012800580770578218,CPFE3,CGAS5,True,CPFE3-CGAS5-1,1.0128828588990766
2,27,52,102,50,0.018536584829797143,CPFE3,CGAS5,True,CPFE3-CGAS5-2,1.0187094537998176
3,27,103,128,25,-0.062359729651020324,CPFE3,CGAS5,False,CPFE3-CGAS5-3,0.9395448438539029
1,27,1,51,50,0.12040183725479814,ELET3,CLSC4,True,ELET3-CLSC4-1,1.1279500128614528
2,27,52,102,50,0.06540453258141854,ELET3,CLSC4,True,ELET3-CLSC4-2,1.0675908123093645
3,27,103,128,25,-0.0779323748866525,ELET3,CLSC4,False,ELET3-CLSC4-3,0.9250269794827777
1,27,1,51,50,-0.035011832538036636,BBAS3,DASA3,True,BBAS3-DASA3-1,0.9655939907623466
2,27,52,102,50,-0.11969007043354818,BBAS3,DASA3,True,BBAS3-DASA3-2,0.8871953621851514
3,27,103,128,25,-0.1094968550549198,BBAS3,DASA3,False,BBAS3-DASA3-3,0.8962849831247247
1,27,7,26,19,0.08880246624906007,CLSC4,LIGT3,True,CLSC4-LIGT3-1,1.0928647573285777
2,27,104,128,24,0.03598605409948652,CLSC4,LIGT3,False,CLSC4-LIGT3-2,1.03664138949243
1,27,1,39,38,0.1787890361311315,BBAS3,IGTA3,True,BBAS3-IGTA3-1,1.195768453617478
2,27,96,128,32,-0.12107316153827696,BBAS3,IGTA3,False,BBAS3-IGTA3-2,0.8859691383566657
1,27,21,71,50,0.015624016649049555,DASA3,IGTA3,True,DASA3-IGTA3-1,1.0157467097507022
2,27,72,122,50,0.03201414212819076,DASA3,IGTA3,True,DASA3-IGTA3-2,1.0325321074032898
3,27,126,128,2,-0.01848359540079203,DASA3,IGTA3,False,DASA3-IGTA3-3,0.9816861786280093
1,28,58,108,50,-0.08198900848732427,USIM5,USIM3,True,USIM5-USIM3-1,0.9212820849244117
2,28,109,131,22,0.04433451588103576,USIM5,USIM3,False,USIM5-USIM3-2,1.0453319765552957
1,28,30,80,50,0.02487242061615924,ABEV3,EZTC3,True,ABEV3-EZTC3-1,1.0251843197970252
2,28,96,131,35,-0.004341275054667415,ABEV3,EZTC3,False,ABEV3-EZTC3-2,0.9956681346582407
1,28,7,57,50,0.08556460454344794,CLSC4,LIGT3,True,CLSC4-LIGT3-1,1.0893319348631318
2,28,117,131,14,0.1019961021922402,CLSC4,LIGT3,False,CLSC4-LIGT3-2,1.1073791553684564
1,28,1,12,11,0.08658198140505258,SBSP3,EGIE3,True,SBSP3-EGIE3-1,1.090440759919105
2,28,81,86,5,0.0834623089627935,SBSP3,EGIE3,True,SBSP3-EGIE3-2,1.0870442426957359
3,28,109,120,11,0.11312270840125649,SBSP3,EGIE3,True,SBSP3-EGIE3-3,1.1197693296227644
1,28,104,131,27,-0.03552849941235481,ITUB4,EGIE3,False,ITUB4-EGIE3-1,0.9650952291911652
1,28,1,7,6,0.09464034980671343,BBDC3,TCSL4,True,BBDC3-TCSL4-1,1.0992634337172629
2,28,128,131,3,0.053548549051080974,BBDC3,TCSL4,False,BBDC3-TCSL4-2,1.0550082101717653
1,28,121,131,10,0.0455031470935614,BRML3,MRVE3,False,BRML3-MRVE3-1,1.0465542982130598
1,28,33,83,50,0.0072207176607752555,CSAN3,EZTC3,True,CSAN3-EZTC3-1,1.0072468499025247
2,28,85,131,46,-0.1423183340716454,CSAN3,EZTC3,False,CSAN3-EZTC3-2,0.8673451070349123
1,28,3,26,23,0.08807866668930098,BMTO4,TCSL4,True,BMTO4-TCSL4-1,1.092074028497458
2,28,37,87,50,0.08785202156066174,BMTO4,TCSL4,True,BMTO4-TCSL4-2,1.0918265432855037
3,28,103,131,28,-0.02154481898919758,BMTO4,TCSL4,False,BMTO4-TCSL4-3,0.9786856127862622
1,28,1,51,50,0.0070373485781467515,CPFE3,CGAS5,True,CPFE3-CGAS5-1,1.0070621689045876
2,28,52,102,50,0.013199559081575885,CPFE3,CGAS5,True,CPFE3-CGAS5-2,1.013287057819298
1,29,6,56,50,-0.03205473726984365,BBDC4,CCRO3,True,BBDC4-CCRO3-1,0.9684535701239471
2,29,57,107,50,-0.08699920060430233,BBDC4,CCRO3,True,BBDC4-CCRO3-2,0.9166778284211716
3,29,108,128,20,0.030279726526788897,BBDC4,CCRO3,False,BBDC4-CCRO3-3,1.0307428197400246
1,29,2,52,50,-0.010548830669857345,BBDC4,DXCO3,True,BBDC4-DXCO3-1,0.9895066131174265
2,29,53,103,50,-0.074192879497748,BBDC4,DXCO3,True,BBDC4-DXCO3-2,0.9284925893847503
3,29,104,128,24,0.08909783323502274,BBDC4,DXCO3,False,BBDC4-DXCO3-3,1.0931876011743744
1,29,24,74,50,-0.06227773382845703,BBAS3,CESP6,True,BBAS3-CESP6-1,0.939621885764724
2,29,75,125,50,-0.03874335376600779,BBAS3,CESP6,True,BBAS3-CESP6-2,0.9619975705205744
3,29,126,128,2,0.02435224265696112,BBAS3,CESP6,False,BBAS3-CESP6-3,1.0246511801855105
1,29,121,128,7,-0.0660361944705734,TOTS3,AMBV4,False,TOTS3-AMBV4-1,0.9360969821437752
1,29,1,15,14,0.050566592014026135,SBSP3,EGIE3,True,SBSP3-EGIE3-1,1.0518669069586268
2,29,31,81,50,0.022176723491123873,SBSP3,EGIE3,True,SBSP3-EGIE3-2,1.0224244549246961
3,29,82,128,46,-0.04371512967400504,SBSP3,EGIE3,False,SBSP3-EGIE3-3,0.957226604091496
1,29,16,66,50,0.027563907387540887,BBDC3,TCSL4,True,BBDC3-TCSL4-1,1.0279473064350337
2,29,67,117,50,-0.16019901066329356,BBDC3,TCSL4,True,BBDC3-TCSL4-2,0.8519742201391097
3,29,118,128,10,0.041748301618607764,BBDC3,TCSL4,False,BBDC3-TCSL4-3,1.0426320169304921
1,29,87,128,41,-0.03618682178269861,ITSA4,CMIG4,False,ITSA4-CMIG4-1,0.9644600944969036
1,29,1,51,50,-0.032750254543598256,SBSP3,MULT3,True,SBSP3-MULT3-1,0.9677802281247361
2,29,52,102,50,-0.03915337883669334,SBSP3,MULT3,True,SBSP3-MULT3-2,0.9616032082534557
3,29,103,128,25,0.0165519736493005,SBSP3,MULT3,False,SBSP3-MULT3-3,1.0166897164876798
1,29,55,64,9,0.06722291387870039,CLSC4,LIGT3,True,CLSC4-LIGT3-1,1.0695338655460565
2,29,91,128,37,-0.043906175885304766,CLSC4,LIGT3,False,CLSC4-LIGT3-2,0.9570437470430583
1,29,2,52,50,0.0031478062897036807,EGIE3,MULT3,True,EGIE3-MULT3-1,1.0031527658344526
2,29,53,103,50,-0.01669940728027619,EGIE3,MULT3,True,EGIE3-MULT3-2,0.9834392548898612
3,29,104,128,24,-0.019245034837128028,EGIE3,MULT3,False,EGIE3-MULT3-3,0.9809389685712003
1,30,69,119,50,-0.1608471996695675,ECOR3,AMBV4,True,ECOR3-AMBV4-1,0.8514221587553756
2,30,120,130,10,0.08069115650883507,ECOR3,AMBV4,False,ECOR3-AMBV4-2,1.0840360473840038
1,30,19,69,50,-0.0027757700650949957,VIVT3,GETI4,True,VIVT3-GETI4-1,0.9972280788225995
2,30,70,120,50,0.028673820817521456,VIVT3,GETI4,True,VIVT3-GETI4-2,1.029088872358241
3,30,122,130,8,0.0191369060348503,VIVT3,GETI4,False,VIVT3-GETI4-3,1.0193211902875428
1,30,59,109,50,-0.004209687443473165,GETI4,CESP6,True,GETI4-CESP6-1,0.9957991608701466
2,30,130,130,0,0.0,GETI4,CESP6,False,GETI4-CESP6-2,1.0
1,30,36,86,50,-0.02997238268988678,GETI4,CRUZ3,True,GETI4-CRUZ3-1,0.9704723350138467
2,30,87,130,43,0.04024751066826493,GETI4,CRUZ3,False,GETI4-CRUZ3-2,1.0410684178461072
1,30,36,60,24,0.1496473584799276,BBDC4,LREN3,True,BBDC4-LREN3-1,1.161424603966918
1,30,2,52,50,-0.023238725490203116,CLSC4,LIGT3,True,CLSC4-LIGT3-1,0.9770292141525913
2,30,53,103,50,-0.15180977922637595,CLSC4,LIGT3,True,CLSC4-LIGT3-2,0.8591516936981969
3,30,104,130,26,-0.017823209852648514,CLSC4,LIGT3,False,CLSC4-LIGT3-3,0.9823346841014405
1,30,1,51,50,-0.05154466685727632,TOTS3,AMBV4,True,TOTS3-AMBV4-1,0.949761226165602
2,30,52,102,50,-0.054110987904900654,TOTS3,AMBV4,True,TOTS3-AMBV4-2,0.9473269588324298
3,30,103,130,27,-0.03863612260448601,TOTS3,AMBV4,False,TOTS3-AMBV4-3,0.9621007321684153
1,30,66,116,50,-0.10275359117904825,CESP6,CRUZ3,True,CESP6-CRUZ3-1,0.9023492929150106
2,30,117,130,13,0.06070707890534521,CESP6,CRUZ3,False,CESP6-CRUZ3-2,1.0625876142691264
1,30,29,79,50,-0.1308329689479082,BRML3,SULA11,True,BRML3-SULA11-1,0.8773643092364077
2,30,80,130,50,0.11486203449009569,BRML3,SULA11,True,BRML3-SULA11-2,1.1217186684077245
1,30,19,69,50,-0.02067394919238197,CCRO3,FLRY3,True,CCRO3-FLRY3-1,0.9795382917593075
2,30,70,120,50,0.024728551683354416,CCRO3,FLRY3,True,CCRO3-FLRY3-2,1.0250368382322699
3,30,121,130,9,-0.0438746880273686,CCRO3,FLRY3,False,CCRO3-FLRY3-3,0.9570738827750562
1,31,80,129,49,-0.08302304285913786,SBSP3,CPFE3,False,SBSP3-CPFE3-1,0.920329939942621
1,31,46,96,50,0.16374909312428487,ALPA4,TRPL4,True,ALPA4-TRPL4-1,1.177918730103703
1,31,28,78,50,-0.1284248723846082,BBDC3,ALPA4,True,BBDC3-ALPA4-1,0.8794796331441406
2,31,79,129,50,0.13032726885366053,BBDC3,ALPA4,True,BBDC3-ALPA4-2,1.1392011473778536
1,31,13,58,45,0.10058162310666363,MULT3,ECOR3,True,MULT3-ECOR3-1,1.1058138979862737
2,31,102,129,27,-0.006836705672803145,MULT3,ECOR3,False,MULT3-ECOR3-2,0.9931866114317714
1,31,47,80,33,0.037711308822447,CMIG4,CMIG3,True,CMIG4-CMIG3-1,1.0384314036168307
2,31,85,119,34,0.03248378778552197,CMIG4,CMIG3,True,CMIG4-CMIG3-2,1.0330171455126924
1,31,68,118,50,-0.05932324899484276,BBDC3,TRPL4,True,BBDC3-TRPL4-1,0.9424020893879058
2,31,119,129,10,-0.033459624699207824,BBDC3,TRPL4,False,BBDC3-TRPL4-2,0.9670939571525665
1,31,19,69,50,-0.0036481701992254756,RDCD3,VIVT4,True,RDCD3-VIVT4-1,0.9963584762887128
2,31,108,129,21,-0.03942429561796468,RDCD3,VIVT4,False,RDCD3-VIVT4-2,0.9613427290930965
1,31,1,16,15,0.16294356106883678,LREN3,ENBR3,True,LREN3-ENBR3-1,1.1769702608703645
1,31,1,17,16,0.08771758558706622,BBDC4,ENBR3,True,BBDC4-ENBR3-1,1.091679772387025
2,31,33,83,50,0.015674455975695167,BBDC4,ENBR3,True,BBDC4-ENBR3-2,1.0157979446229
3,31,84,129,45,0.01623915607565185,BBDC4,ENBR3,False,BBDC4-ENBR3-3,1.0163717278162299
1,31,5,25,20,0.14639486737731788,EGIE3,BRML3,True,EGIE3-BRML3-1,1.1576532173016465
2,31,104,129,25,0.024111060670823026,EGIE3,BRML3,False,EGIE3-BRML3-2,1.0244040825777183
1,32,65,115,50,0.017581947988488222,CMIG4,CMIG3,True,CMIG4-CMIG3-1,1.0177374202679614
2,32,120,130,10,-0.06862578552854193,CMIG4,CMIG3,False,CMIG4-CMIG3-2,0.9336760097865247
1,32,69,119,50,-0.04449893833422358,CESP6,IGTA3,True,CESP6-IGTA3-1,0.9564766155515704
2,32,120,130,10,-0.011003981076671998,CESP6,IGTA3,False,CESP6-IGTA3-2,0.9890563412584035
1,32,38,88,50,-0.05171539191986563,RENT3,TIMS3,True,RENT3-TIMS3-1,0.9495990919613999
2,32,89,130,41,0.06889144950215687,RENT3,TIMS3,False,RENT3-TIMS3-2,1.0713199105266868
1,32,2,14,12,0.13304381449375913,FLRY3,ENBR3,True,FLRY3-ENBR3-1,1.1423000465327278
2,32,69,119,50,0.1649007144618584,FLRY3,ENBR3,True,FLRY3-ENBR3-2,1.17927602784373
1,32,101,116,15,0.11887211161630251,ELET3,ELET6,True,ELET3-ELET6-1,1.1262258778708019
2,32,129,130,1,-0.002243068441679874,ELET3,ELET6,False,ELET3-ELET6-2,0.9977594453564455
1,32,92,130,38,-0.025428515301829435,LREN3,FLRY3,False,LREN3-FLRY3-1,0.9748920663400321
1,32,6,34,28,0.14878866066502505,TOTS3,QUAL3,True,TOTS3-QUAL3-1,1.1604277192699286
1,32,78,128,50,0.05944323345576974,RENT3,LREN3,True,RENT3-LREN3-1,1.061245516029079
1,32,37,87,50,-0.0858654214844341,TIMS3,ENBR3,True,TIMS3-ENBR3-1,0.9177177279995007
2,32,88,130,42,0.12470363652708372,TIMS3,ENBR3,False,TIMS3-ENBR3-2,1.1328126790139856
1,32,72,122,50,-0.06037200736106474,LREN3,SANB11,True,LREN3-SANB11-1,0.9414142554024363
2,32,123,130,7,0.021649127967728665,LREN3,SANB11,False,LREN3-SANB11-2,1.0218851706337664
1,33,10,60,50,-0.07860824684880008,ELET3,ELET6,True,ELET3-ELET6-1,0.924401990913032
2,33,61,111,50,-0.11773864191092431,ELET3,ELET6,True,ELET3-ELET6-2,0.8889283508718898
3,33,112,128,16,-0.020625030715219594,ELET3,ELET6,False,ELET3-ELET6-3,0.9795862104529077
1,33,28,78,50,-0.04277472434975027,CSAN3,SMTO3,True,CSAN3-SMTO3-1,0.9581272084867143
2,33,79,128,49,-0.003370300188118902,CSAN3,SMTO3,False,CSAN3-SMTO3-2,0.9966353728984356
1,33,19,69,50,0.030010069707335774,NTCO3,IGTA3,True,NTCO3-IGTA3-1,1.0304649103813404
2,33,93,118,25,0.1066564604279403,NTCO3,IGTA3,True,NTCO3-IGTA3-2,1.1125519831882287
1,33,1,51,50,-0.010957150991276476,CMIG4,CMIG3,True,CMIG4-CMIG3-1,0.9891026599358709
2,33,52,102,50,0.01106448719876818,CMIG4,CMIG3,True,CMIG4-CMIG3-2,1.0111259250208378
3,33,103,128,25,0.008446585812714735,CMIG4,CMIG3,False,CMIG4-CMIG3-3,1.0084823588677854
1,33,7,57,50,0.08844925671132131,RENT3,LREN3,True,RENT3-LREN3-1,1.0924788152360572
2,33,72,122,50,0.0012278532582747914,RENT3,LREN3,True,RENT3-LREN3-2,1.001228607378705
3,33,123,128,5,0.11918064977486842,RENT3,LREN3,False,RENT3-LREN3-3,1.1265734151407871
1,33,5,41,36,0.08162020602916265,SANB11,ENBR3,True,SANB11-ENBR3-1,1.0850436385324067
2,33,124,128,4,0.10843731299590065,SANB11,ENBR3,False,SANB11-ENBR3-2,1.1145350394858342
1,33,119,128,9,0.03526548530940454,CCRO3,EZTC3,False,CCRO3-EZTC3-1,1.0358946871181762
1,33,60,95,35,0.16021568241900264,SBSP3,NTCO3,True,SBSP3-NTCO3-1,1.173764003952375
2,33,125,128,3,0.06300419059673779,SBSP3,NTCO3,False,SBSP3-NTCO3-2,1.065031302338655
1,33,1,51,50,-0.040555059912974256,ITUB4,SANB11,True,ITUB4-SANB11-1,0.9602562914279936
2,33,52,102,50,0.0003071280807409593,ITUB4,SANB11,True,ITUB4-SANB11-2,1.0003071752493988
3,33,103,128,25,0.04171699302897758,ITUB4,SANB11,False,ITUB4-SANB11-3,1.0425993741035418
1,33,3,53,50,0.04455065038515427,TOTS3,CCRO3,True,TOTS3-CCRO3-1,1.0455579332813307
2,33,59,109,50,-0.06082719140742876,TOTS3,CCRO3,True,TOTS3-CCRO3-2,0.9409858361645557
3,33,110,128,18,0.05132410821779976,TOTS3,CCRO3,False,TOTS3-CCRO3-3,1.052664015057895
1,34,4,54,50,-0.025333037841429817,ITUB4,BBDC4,True,ITUB4-BBDC4-1,0.9749851510023629
2,34,55,105,50,-0.02413401931732939,ITUB4,BBDC4,True,ITUB4-BBDC4-2,0.9761548773807979
3,34,106,131,25,-0.010250370607557402,ITUB4,BBDC4,False,ITUB4-BBDC4-3,0.9898019853990458
1,34,10,17,7,0.044971695302035375,SANB11,ENBR3,True,SANB11-ENBR3-1,1.0459982528250913
2,34,45,95,50,-0.022796773234788237,SANB11,ENBR3,True,SANB11-ENBR3-2,0.9774611098490009
3,34,96,105,9,0.04986293029771427,SANB11,ENBR3,True,SANB11-ENBR3-3,1.051127008835066
1,34,33,66,33,0.12106175349955106,TAEE11,ENBR3,True,TAEE11-ENBR3-1,1.12869461105741
1,34,1,51,50,0.060132435252951755,HYPE3,AEDU3,True,HYPE3-AEDU3-1,1.0619771804492326
2,34,107,131,24,0.017479700310912616,HYPE3,AEDU3,False,HYPE3-AEDU3-2,1.0176333643001882
1,34,114,131,17,-0.07528833873684615,NETC4,VIVT4,False,NETC4-VIVT4-1,0.9274760205058195
1,34,42,92,50,0.06531074592083752,SMTO3,DXCO3,True,SMTO3-DXCO3-1,1.0674906912272955
2,34,93,131,38,0.07573424438015453,SMTO3,DXCO3,False,SMTO3-DXCO3-2,1.0786758718876557
1,34,1,51,50,0.024190923372642725,BRML3,MULT3,True,BRML3-MULT3-1,1.0244858975224458
2,34,52,102,50,-0.03378624104422956,BRML3,MULT3,True,BRML3-MULT3-2,0.9667781400373122
3,34,103,131,28,-0.10102880073274934,BRML3,MULT3,False,BRML3-MULT3-3,0.9039069993270552
1,34,26,47,21,0.1126276695513555,NTCO3,IGTA3,True,NTCO3-IGTA3-1,1.1192151374863102
2,34,83,131,48,0.02167194743897838,NTCO3,IGTA3,False,NTCO3-IGTA3-2,1.0219084897791024
1,35,10,60,50,-0.028525627816635257,SANB11,ENBR3,True,SANB11-ENBR3-1,0.9718773867315175
2,35,61,111,50,-0.1649547883683804,SANB11,ENBR3,True,SANB11-ENBR3-2,0.8479320396123169
3,35,112,128,16,0.16663083014055746,SANB11,ENBR3,False,SANB11-ENBR3-3,1.1813180777709418
1,35,5,55,50,-0.0430889398282972,ITUB4,BBDC3,True,ITUB4-BBDC3-1,0.9578261973810418
2,35,56,106,50,-0.0327229463065819,ITUB4,BBDC3,True,ITUB4-BBDC3-2,0.9678066568574449
3,35,107,128,21,0.02359383445140928,ITUB4,BBDC3,False,ITUB4-BBDC3-3,1.0238743709291205
1,35,119,128,9,-0.03523454011995142,ENBR3,DXCO3,False,ENBR3-DXCO3-1,0.9653789696038624
1,35,47,97,50,-0.10956592541728116,BBDC4,CSAN3,True,BBDC4-CSAN3-1,0.896223078534072
2,35,98,128,30,0.12659390958131844,BBDC4,CSAN3,False,BBDC4-CSAN3-2,1.1349560294171714
1,35,85,128,43,-0.0987402190156601,SANB11,DXCO3,False,SANB11-DXCO3-1,0.9059780333209928
1,35,41,91,50,0.09846494361342306,SANB11,SMTO3,True,SANB11-SMTO3-1,1.1034757198449119
2,35,99,128,29,-0.01406757848470086,SANB11,SMTO3,False,SANB11-SMTO3-2,0.9860309075366832
1,35,29,79,50,0.020430529501186845,FLRY3,SYNE3,True,FLRY3-SYNE3-1,1.0206406613644
2,35,80,82,2,0.030137083647092444,FLRY3,SYNE3,True,FLRY3-SYNE3-2,1.0305958021017494
3,35,108,128,20,0.00943914236556398,FLRY3,SYNE3,False,FLRY3-SYNE3-3,1.00948383156844
1,35,10,52,42,0.12050132871626817,SANB11,TAEE11,True,SANB11-TAEE11-1,1.128062239839418
2,35,85,128,43,0.09146793984576518,SANB11,TAEE11,False,SANB11-TAEE11-2,1.0957816452008309
1,35,101,128,27,-0.12158887624449788,VIVT3,CTIP3,False,VIVT3-CTIP3-1,0.8855123488394172
1,35,35,85,50,0.08586794941363962,TAEE11,ENBR3,True,TAEE11-ENBR3-1,1.0896624282417098
2,35,90,128,38,0.08105354330085146,TAEE11,ENBR3,False,TAEE11-ENBR3-2,1.084428958918321
1,36,11,14,3,0.05632411105095514,EBTP3,EBTP4,True,EBTP3-EBTP4-1,1.0579405183886235
2,36,59,73,14,0.08390057724173605,EBTP3,EBTP4,True,EBTP3-EBTP4-2,1.0875207641196012
3,36,87,101,14,0.076961041136129,EBTP3,EBTP4,True,EBTP3-EBTP4-3,1.0800000000000007
1,36,37,83,46,0.06730027762985413,EGIE3,CGAS5,True,EGIE3-CGAS5-1,1.0696166118986241
2,36,98,131,33,0.005781242353512628,EGIE3,CGAS5,False,EGIE3-CGAS5-2,1.0057979859858688
1,36,119,131,12,0.004253009632425808,LREN3,BBDC3,False,LREN3-BBDC3-1,1.0042620665130075
1,36,78,128,50,0.054945649000209595,TOTS3,ECOR3,True,TOTS3-ECOR3-1,1.0564831921972662
1,36,46,96,50,-0.026215940565957663,ITUB4,RENT3,True,ITUB4-RENT3-1,0.9741247138532142
2,36,97,131,34,0.0948824689931258,ITUB4,RENT3,False,ITUB4-RENT3-2,1.0995296187084338
1,36,120,131,11,0.013102969144304977,BEEF3,SUZB5,False,BEEF3-SUZB5-1,1.0131891892125833
1,36,14,63,49,0.11614136139908293,VIVT3,IGTA3,True,VIVT3-IGTA3-1,1.1231546316218712
2,36,73,83,10,0.10600298274452769,VIVT3,IGTA3,True,VIVT3-IGTA3-2,1.1118251927920946
3,36,124,131,7,0.06506880811045068,VIVT3,IGTA3,False,VIVT3-IGTA3-3,1.067232456106531
1,36,96,131,35,-0.09840207808782497,GOAU4,BRKM5,False,GOAU4-BRKM5-1,0.9062844333740578
1,36,115,131,16,-0.3135747711933141,USIM5,USIM3,False,USIM5-USIM3-1,0.7308297319494496
1,36,7,57,50,0.00812716507057365,ABEV3,CCRO3,True,ABEV3-CCRO3-1,1.0081602801263334
2,36,70,115,45,0.1252035185533975,ABEV3,CCRO3,True,ABEV3-CCRO3-2,1.1333790932697632
1,37,84,128,44,0.04479628533051683,BBDC4,BBDC3,False,BBDC4-BBDC3-1,1.0458147903923953
1,37,86,128,42,-0.15420972409676104,LREN3,BBDC3,False,LREN3-BBDC3-1,0.857092249263065
1,37,4,54,50,-0.08705477991642407,EGIE3,CGAS5,True,EGIE3-CGAS5-1,0.9166268815138409
2,37,55,105,50,0.11331367133841042,EGIE3,CGAS5,True,EGIE3-CGAS5-2,1.1199831844814103
3,37,108,128,20,-0.06643278722268287,EGIE3,CGAS5,False,EGIE3-CGAS5-3,0.9357258064730409
1,37,45,95,50,-0.10884555076872937,HYPE3,CCRO3,True,HYPE3-CCRO3-1,0.8968689275179828
2,37,96,128,32,-0.08854104322093503,HYPE3,CCRO3,False,HYPE3-CCRO3-2,0.9152655445191257
1,37,36,75,39,0.09597089253859603,TAEE11,BMTO4,True,TAEE11-BMTO4-1,1.10072702415831
2,37,109,128,19,-0.04827686780499696,TAEE11,BMTO4,False,TAEE11-BMTO4-2,0.9528699315462446
1,37,91,128,37,-0.13808755251330007,BBDC4,LREN3,False,BBDC4-LREN3-1,0.8710224282045846
1,37,93,128,35,0.0477102845031907,CCRO3,CPFE3,False,CCRO3-CPFE3-1,1.0488667383536794
1,37,100,128,28,0.06307926125582242,VIVT3,UGPA3,False,VIVT3-UGPA3-1,1.0651112579415898
1,37,12,21,9,0.12018621413888786,EMBR3,IGTA3,True,EMBR3-IGTA3-1,1.1277068269842792
2,37,70,117,47,0.1377939909233863,EMBR3,IGTA3,True,EMBR3-IGTA3-2,1.1477390812493107
1,37,7,57,50,0.01210720103202334,PETR4,PETR3,True,PETR4-PETR3-1,1.0121807898755326
2,37,58,108,50,-0.08596354096292114,PETR4,PETR3,True,PETR4-PETR3-2,0.9176276864321191
3,37,109,128,19,-0.02137118981337549,PETR4,PETR3,False,PETR4-PETR3-3,0.978855555915715
1,38,42,92,50,-0.03906343113313082,BBDC4,BBDC3,True,BBDC4-BBDC3-1,0.9616897061438614
2,38,93,131,38,0.05739571611028449,BBDC4,BBDC3,False,BBDC4-BBDC3-2,1.0590748204539673
1,38,27,77,50,0.03994342117513172,RENT3,BBDC3,True,RENT3-BBDC3-1,1.0407518880077455
1,38,1,51,50,-0.031175812986658613,BBSE3,CIEL3,True,BBSE3-CIEL3-1,0.9693051416624978
2,38,52,102,50,0.09328330373453086,BBSE3,CIEL3,True,BBSE3-CIEL3-2,1.097772694322039
3,38,103,131,28,-0.048885884029107096,BBSE3,CIEL3,False,BBSE3-CIEL3-3,0.9522897949726901
1,38,45,64,19,0.16839822427436735,BBDC4,RENT3,True,BBDC4-RENT3-1,1.1834077785302262
1,38,1,51,50,0.04043533018084511,TAEE11,BMTO4,True,TAEE11-BMTO4-1,1.041263969172512
2,38,54,104,50,-0.1676861452746019,TAEE11,BMTO4,True,TAEE11-BMTO4-2,0.8456191946203645
3,38,105,131,26,0.1102349415938666,TAEE11,BMTO4,False,TAEE11-BMTO4-3,1.1165403614182647
1,38,1,11,10,0.16540545686646846,KLBN11,SUZB5,True,KLBN11-SUZB5-1,1.1798714087060667
2,38,44,73,29,0.11189391420494488,KLBN11,SUZB5,True,KLBN11-SUZB5-2,1.1183942086127032
1,38,98,131,33,0.009727328209217845,WEGE3,LAME4,False,WEGE3-LAME4-1,1.0097747924414842
1,38,61,73,12,0.10916670212352297,BBSE3,EGIE3,True,BBSE3-EGIE3-1,1.1153482657691403
2,38,109,131,22,-0.06612806005914118,BBSE3,EGIE3,False,BBSE3-EGIE3-2,0.9360109909934284
1,38,5,40,35,0.11422024462037461,CCRO3,CPFE3,True,CCRO3-CPFE3-1,1.1209989916949779
2,38,57,78,21,0.1110978325798162,CCRO3,CPFE3,True,CCRO3-CPFE3-2,1.1175042298284563
3,38,91,111,20,0.08939568412728738,CCRO3,CPFE3,True,CCRO3-CPFE3-3,1.0935132565727648
1,38,129,131,2,0.04704333551275952,FLRY3,LAME4,False,FLRY3-LAME4-1,1.048167430968537
1,39,1,10,9,-0.012508250229851026,BBSE3,GETI4,True,BBSE3-GETI4-1,0.9875696527836418
1,39,68,118,50,-0.15877315249753288,WEGE3,FLRY3,True,WEGE3-FLRY3-1,0.8531898810119434
2,39,119,129,10,-0.025501266198621364,WEGE3,FLRY3,False,WEGE3-FLRY3-2,0.9748211446477703
1,39,1,51,50,-0.0459999847143453,BBDC4,BBDC3,True,BBDC4-BBDC3-1,0.9550419767891564
2,39,52,102,50,0.04092047080503214,BBDC4,BBDC3,True,BBDC4-BBDC3-2,1.041769251180964
3,39,103,129,26,0.0009230485398563637,BBDC4,BBDC3,False,BBDC4-BBDC3-3,1.0009234746802658
1,39,39,71,32,0.10800770328613107,BRML3,EZTC3,True,BRML3-EZTC3-1,1.1140563272480681
2,39,80,95,15,0.08538907698502873,BRML3,EZTC3,True,BRML3-EZTC3-2,1.0891407438684322
1,39,6,46,40,0.14139813844807936,BBDC4,EZTC3,True,BBDC4-EZTC3-1,1.1518831656778776
2,39,108,129,21,0.0697354794874494,BBDC4,EZTC3,False,BBDC4-EZTC3-2,1.0722245183593775
1,39,73,123,50,0.18297995028185188,ITUB4,TOTS3,True,ITUB4-TOTS3-1,1.2007903323317575
1,39,48,76,28,0.24997790589065438,KLBN11,SUZB5,True,KLBN11-SUZB5-1,1.2839970476031786
1,39,13,38,25,0.16253977614604787,BBDC3,EZTC3,True,BBDC3-EZTC3-1,1.1764951139594892
1,39,93,129,36,-0.11044458433942994,ABEV3,CGAS5,False,ABEV3-CGAS5-1,0.8954359499892832
1,40,56,106,50,-0.0696406035823589,RADL3,EZTC3,True,RADL3-EZTC3-1,0.9327289791285575
2,40,107,130,23,0.11018497948090689,RADL3,EZTC3,False,RADL3-EZTC3-2,1.1164845780961414
1,40,112,130,18,0.068489711391579,BRML3,EZTC3,False,BRML3-EZTC3-1,1.0708896069304716
1,40,96,130,34,-0.1798620776355193,ITUB4,SANB11,False,ITUB4-SANB11-1,0.835385421798672
1,40,21,71,50,0.21453400110891252,TAEE11,ENBR3,True,TAEE11-ENBR3-1,1.2392842572971496
1,40,101,130,29,-0.10115993461742478,SANB11,COGN3,False,SANB11-COGN3-1,0.9037884742623441
1,40,56,106,50,-0.13003704559904294,RADL3,BRML3,True,RADL3-BRML3-1,0.8780629019518373
2,40,107,130,23,0.156048873058376,RADL3,BRML3,False,RADL3-BRML3-2,1.168883328597062
1,40,101,130,29,0.04208231313186195,BBDC3,EZTC3,False,BBDC3-EZTC3-1,1.0429803261946482
1,40,95,130,35,0.04971976400395084,BBDC3,BRML3,False,BBDC3-BRML3-1,1.0509765336486807
1,40,1,51,50,-0.053938875494841554,UGPA3,VIVT4,True,UGPA3-VIVT4-1,0.9474900195904159
2,40,52,102,50,0.040108344128664264,UGPA3,VIVT4,True,UGPA3-VIVT4-2,1.040923546037796
3,40,103,130,27,-0.03104584365292906,UGPA3,VIVT4,False,UGPA3-VIVT4-3,0.9694311297930597
1,40,9,59,50,-0.04072113164319857,CCRO3,CPFE3,True,CCRO3-CPFE3-1,0.960096833245332
2,40,60,110,50,-0.13364207983481746,CCRO3,CPFE3,True,CCRO3-CPFE3-2,0.8749031540508949
3,40,111,130,19,0.12017304964775644,CCRO3,CPFE3,False,CCRO3-CPFE3-3,1.127691981395474
1,41,8,22,14,0.08017120333451322,BRML3,EZTC3,True,BRML3-EZTC3-1,1.0834725459099728
2,41,58,108,50,0.027821714009343967,BRML3,EZTC3,True,BRML3-EZTC3-2,1.0282123522213087
1,41,7,57,50,-0.10481124810462061,EQTL3,CLSC4,True,EQTL3-CLSC4-1,0.9004944765854255
2,41,58,108,50,-0.02704395790753189,EQTL3,CLSC4,True,EQTL3-CLSC4-2,0.9733184555412848
3,41,109,129,20,0.024670932135528734,EQTL3,CLSC4,False,EQTL3-CLSC4-3,1.024977777774681
1,41,30,56,26,0.03279838238790722,BBDC4,BBDC3,True,BBDC4-BBDC3-1,1.0333421782549346
2,41,85,129,44,0.008468867289086024,BBDC4,BBDC3,False,BBDC4-BBDC3-2,1.008504829593975
1,41,12,48,36,0.16786069766854972,CYRE3,MRVE3,True,CYRE3-MRVE3-1,1.1827718362969817
1,41,1,51,50,-0.03330561748479477,EGIE3,CIEL3,True,EGIE3-CIEL3-1,0.9672429080684467
2,41,52,102,50,0.1128517756607863,EGIE3,CIEL3,True,EGIE3-CIEL3-2,1.1194659885439657
1,41,1,51,50,-0.06162019640572369,TAEE11,ENBR3,True,TAEE11-ENBR3-1,0.9402399254876892
2,41,52,102,50,-0.13802611045704705,TAEE11,ENBR3,True,TAEE11-ENBR3-2,0.8710759472577596
3,41,103,129,26,0.09740854378606878,TAEE11,ENBR3,False,TAEE11-ENBR3-3,1.1023106237969622
1,41,25,75,50,0.055982547178033304,TAEE11,EZTC3,True,TAEE11-EZTC3-1,1.0575792258335963
2,41,86,101,15,0.0898790639377256,TAEE11,EZTC3,True,TAEE11-EZTC3-2,1.0940419665770147
1,41,1,51,50,-0.044355840021463866,EQTL3,TRPL4,True,EQTL3-TRPL4-1,0.9566134955348637
2,41,52,102,50,0.015468716640948177,EQTL3,TRPL4,True,EQTL3-TRPL4-2,1.0155889765267514
3,41,103,129,26,0.03175062637402615,EQTL3,TRPL4,False,EQTL3-TRPL4-3,1.0322600547729595
1,41,9,59,50,0.0563174289907602,BBSE3,MULT3,True,BBSE3-MULT3-1,1.0579334491900152
2,41,60,110,50,0.04929765808942799,BBSE3,MULT3,True,BBSE3-MULT3-2,1.0505330038526635
3,41,116,129,13,-0.032906344660742715,BBSE3,MULT3,False,BBSE3-MULT3-3,0.9676291789845037
1,41,88,129,41,0.06545851187201412,BBDC3,EZTC3,False,BBDC3-EZTC3-1,1.067648441659441
1,42,46,96,50,-0.014221145601585494,BBDC4,BBDC3,True,BBDC4-BBDC3-1,0.9858794972391727
2,42,97,129,32,0.015592317058545468,BBDC4,BBDC3,False,BBDC4-BBDC3-2,1.0157145115062856
1,42,106,129,23,-0.04854589451024749,VIVT3,CGAS5,False,VIVT3-CGAS5-1,0.9526136185670924
1,42,51,101,50,-0.035190261808503376,COGN3,YDUQ3,True,COGN3-YDUQ3-1,0.9654217159009039
2,42,102,129,27,-0.07740082030743389,COGN3,YDUQ3,False,COGN3-YDUQ3-2,0.9255188125160924
1,42,48,98,50,-0.009965895435346983,ABEV3,YDUQ3,True,ABEV3-YDUQ3-1,0.9900835995435134
2,42,99,129,30,-0.04639898740555948,ABEV3,YDUQ3,False,ABEV3-YDUQ3-2,0.9546609884829294
1,42,1,51,50,-0.019835701683720064,BBSE3,ENGI11,True,BBSE3-ENGI11-1,0.9803597315288345
2,42,52,102,50,-0.00859847487647114,BBSE3,ENGI11,True,BBSE3-ENGI11-2,0.9914383862830526
3,42,103,129,26,-0.016690403872477333,BBSE3,ENGI11,False,BBSE3-ENGI11-3,0.983448109234378
1,42,4,54,50,-0.01625608628342068,ALPA4,MRVE3,True,ALPA4-MRVE3-1,0.9838753308143506
2,42,55,105,50,-0.1997298862597967,ALPA4,MRVE3,True,ALPA4-MRVE3-2,0.818951933374489
3,42,106,129,23,0.05702406370752211,ALPA4,MRVE3,False,ALPA4-MRVE3-3,1.0586812858858041
1,42,106,129,23,-0.021957421372083008,EQTL3,ENBR3,False,EQTL3-ENBR3-1,0.9782818880649495
1,42,43,93,50,-0.0301037289266195,BRML3,EZTC3,True,BRML3-EZTC3-1,0.9703448754956366
2,42,94,129,35,-0.1207739625151425,BRML3,EZTC3,False,BRML3-EZTC3-2,0.8862342591173479
1,42,112,129,17,0.01915217416534265,BBSE3,CPFE3,False,BBSE3-CPFE3-1,1.0193367535353004
1,42,33,83,50,-0.16615008365834605,RENT3,TAEE11,True,RENT3-TAEE11-1,0.8469191159312095
2,42,84,129,45,-0.08096438575740894,RENT3,TAEE11,False,RENT3-TAEE11-2,0.9222265352593014
1,43,1,51,50,0.02105103044604162,BBDC4,BBDC3,True,BBDC4-BBDC3-1,1.0212741663840392
2,43,54,104,50,-0.05362585760249905,BBDC4,BBDC3,True,BBDC4-BBDC3-2,0.9477866473418384
3,43,105,129,24,-0.0013905831316294304,BBDC4,BBDC3,False,BBDC4-BBDC3-3,0.9986103832810825
1,43,1,17,16,0.08981430350096842,BBDC4,EZTC3,True,BBDC4-EZTC3-1,1.093971118235538
2,43,48,63,15,0.07290688262137701,BBDC4,EZTC3,True,BBDC4-EZTC3-2,1.0756303723706035
1,43,38,88,50,-0.07965762833973544,ENGI11,MULT3,True,ENGI11-MULT3-1,0.9234324493720297
2,43,89,129,40,-0.03348610034480748,ENGI11,MULT3,False,ENGI11-MULT3-2,0.9670683530546395
1,43,114,129,15,0.08613630117441273,HYPE3,VIVT3,False,HYPE3-VIVT3-1,1.0899548803112356
1,43,1,16,15,0.09898897297850473,ABEV3,SULA11,True,ABEV3-SULA11-1,1.1040541250631888
2,43,90,94,4,0.0678407508805341,ABEV3,SULA11,True,ABEV3-SULA11-2,1.070194867317555
3,43,127,129,2,0.027281835271695698,ABEV3,SULA11,False,ABEV3-SULA11-3,1.0276573920536338
1,43,96,129,33,0.031522524180897626,TAEE11,BRML3,False,TAEE11-BRML3-1,1.0320246208431056
1,43,98,129,31,0.0265185381886468,EGIE3,MULT3,False,EGIE3-MULT3-1,1.0268732834558785
1,43,47,97,50,-0.2019071798572616,BEEF3,TRPL4,True,BEEF3-TRPL4-1,0.8171707743300609
2,43,98,129,31,-0.042204899974793264,BEEF3,TRPL4,False,BEEF3-TRPL4-2,0.9586733283058347
1,43,121,129,8,0.09970598486546,BBDC4,KLBN11,False,BBDC4-KLBN11-1,1.104846028862993
1,43,1,51,50,-0.20613270818918172,BBDC3,BRML3,True,BBDC3-BRML3-1,0.8137250811351497
2,43,52,102,50,0.040988486659986556,BBDC3,BRML3,True,BBDC3-BRML3-2,1.0418401104169968
3,43,103,129,26,0.10971114792708336,BBDC3,BRML3,False,BBDC3-BRML3-3,1.115955677788405
1,44,25,75,50,0.046340343937245176,BBDC4,EZTC3,True,BBDC4-EZTC3-1,1.0474308370348377
2,44,88,91,3,0.10603097546174522,BBDC4,EZTC3,True,BBDC4-EZTC3-2,1.1118563162359245
1,44,116,130,14,0.19042320548236713,CYRE3,MRVE3,False,CYRE3-MRVE3-1,1.209761467021851
1,44,100,130,30,-0.6190471636557808,CMIG3,OGXP3,False,CMIG3-OGXP3-1,0.5384572548826614
1,44,61,77,16,0.08635710946455033,B3SA3,DXCO3,True,B3SA3-DXCO3-1,1.0901955779577241
2,44,101,109,8,0.1017506030577513,B3SA3,DXCO3,True,B3SA3-DXCO3-2,1.1071073281123056
1,44,49,99,50,-0.1901914262099078,ABEV3,SULA11,True,ABEV3-SULA11-1,0.8268008474411789
2,44,100,130,30,-0.1502582014558813,ABEV3,SULA11,False,ABEV3-SULA11-2,0.8604857690608232
1,44,84,130,46,-0.04891279473593002,ABEV3,BBSE3,False,ABEV3-BBSE3-1,0.9522641685260215
1,44,45,68,23,0.2802224039953529,LREN3,GEPA4,True,LREN3-GEPA4-1,1.3234241144198378
1,44,1,51,50,-0.03676468252205556,BBDC4,BBDC3,True,BBDC4-BBDC3-1,0.9639029318703252
2,44,52,102,50,0.023064253701603032,BBDC4,BBDC3,True,BBDC4-BBDC3-2,1.0233322903224527
3,44,103,130,27,-0.013658809932609817,BBDC4,BBDC3,False,BBDC4-BBDC3-3,0.9864340483531044
1,44,98,130,32,0.15921032923469003,MRVE3,TRPL4,False,MRVE3-TRPL4-1,1.172584549556829
1,44,1,51,50,-0.00784905560174387,TOTS3,ENBR3,True,TOTS3-ENBR3-1,0.9921816677993976
2,44,52,102,50,-0.007104890210668735,TOTS3,ENBR3,True,TOTS3-ENBR3-2,0.9929202898526314
3,44,103,130,27,-0.013243646360005634,TOTS3,ENBR3,False,TOTS3-ENBR3-3,0.9868436648597998
1,45,61,111,50,-0.06404597016421754,B3SA3,ITSA4,True,B3SA3-ITSA4-1,0.9379618802779713
2,45,112,128,16,0.01247986518910249,B3SA3,ITSA4,False,B3SA3-ITSA4-2,1.0125580636702474
1,45,82,128,46,0.0860733742907156,B3SA3,DXCO3,False,B3SA3-DXCO3-1,1.0898862950051995
1,45,83,128,45,0.12743725768246983,ITSA4,DXCO3,False,ITSA4-DXCO3-1,1.1359135961537605
1,45,33,58,25,0.08480154415939634,BBDC4,EZTC3,True,BBDC4-EZTC3-1,1.0885010258757382
2,45,89,94,5,0.08037729001898786,BBDC4,EZTC3,True,BBDC4-EZTC3-2,1.0836958581847314
3,45,107,114,7,0.06276092356767027,BBDC4,EZTC3,True,BBDC4-EZTC3-3,1.0647722468489784
4,45,119,128,9,0.031167126055125838,BBDC4,EZTC3,False,BBDC4-EZTC3-4,1.0316579063957811
1,45,4,54,50,-0.2679293646767267,SBSP3,HYPE3,True,SBSP3-HYPE3-1,0.7649618125194974
2,45,55,105,50,0.12144444125500797,SBSP3,HYPE3,True,SBSP3-HYPE3-2,1.1291266313238726
3,45,106,128,22,-0.127810051298884,SBSP3,HYPE3,False,SBSP3-HYPE3-3,0.8800205220249688
1,45,98,128,30,0.028640510307388567,ENGI11,SANB11,False,ENGI11-SANB11-1,1.0290545934538577
1,45,1,51,50,-0.07256246248939746,CMIG4,CMIG3,True,CMIG4-CMIG3-1,0.9300076542527559
2,45,52,102,50,-0.05030548555350478,CMIG4,CMIG3,True,CMIG4-CMIG3-2,0.950938882033983
3,45,103,128,25,0.005086166953629956,CMIG4,CMIG3,False,CMIG4-CMIG3-3,1.0050991234577709
1,45,64,73,9,0.03169178139058548,ELET3,ELET6,True,ELET3-ELET6-1,1.032199313234315
2,45,122,128,6,0.01819470753004193,ELET3,ELET6,False,ELET3-ELET6-2,1.018361239689159
1,45,6,46,40,0.21416620338726045,TOTS3,MRVE3,True,TOTS3-MRVE3-1,1.2388285351827515
1,45,96,128,32,-0.07417711870345789,EQTL3,ALPA4,False,EQTL3-ALPA4-1,0.9285072232807722
1,46,9,59,50,0.025844473624170305,ELET3,ELET6,True,ELET3-ELET6-1,1.026181337797517
2,46,104,131,27,-0.007176689205013798,ELET3,ELET6,False,ELET3-ELET6-2,0.9928490017335935
1,46,22,72,50,-0.22043339566774778,BBDC4,EZTC3,True,BBDC4-EZTC3-1,0.8021710651505455
2,46,73,123,50,-0.19517441632254107,BBDC4,EZTC3,True,BBDC4-EZTC3-2,0.8226911547759219
3,46,124,131,7,-0.03350671406684835,BBDC4,EZTC3,False,BBDC4-EZTC3-3,0.9670484183818796
1,46,1,24,23,0.07280814299348481,BBSE3,CPFE3,True,BBSE3-CPFE3-1,1.0755241702711502
2,46,52,102,50,-0.016575092309820683,BBSE3,CPFE3,True,BBSE3-CPFE3-2,0.9835615187112319
3,46,103,131,28,0.021455282813879428,BBSE3,CPFE3,False,BBSE3-CPFE3-3,1.0216871023435579
1,46,27,77,50,0.015813652805670486,TIMS3,USIM3,True,TIMS3-USIM3-1,1.0159393503180707
2,46,82,131,49,-0.21850771745625286,TIMS3,USIM3,False,TIMS3-USIM3-2,0.8037172767677986
1,46,78,128,50,-0.13654072058628275,CYRE3,TRPL4,True,CYRE3-TRPL4-1,0.8723707960860718
2,46,129,131,2,-0.006301919881556817,CYRE3,TRPL4,False,CYRE3-TRPL4-2,0.9937178955685629
1,46,1,51,50,-0.03710987708753155,EQTL3,RLOG3,True,EQTL3-RLOG3-1,0.9635702552389832
2,46,52,102,50,-0.006627608628718917,EQTL3,RLOG3,True,EQTL3-RLOG3-2,0.9933943055298001
3,46,103,131,28,0.024864020015929356,EQTL3,RLOG3,False,EQTL3-RLOG3-3,1.0251757076695662
1,46,24,74,50,0.1489573768253507,GGBR4,COGN3,True,GGBR4-COGN3-1,1.1606235186958584
1,46,37,73,36,0.19767900481351397,BBDC3,CRFB3,True,BBDC3-CRFB3-1,1.2185711755536681
1,46,2,40,38,0.08855897265580692,RAIL3,VBBR3,True,RAIL3-VBBR3-1,1.092598684156747
2,46,58,86,28,0.08979535395667115,RAIL3,VBBR3,True,RAIL3-VBBR3-2,1.0939503881777861
3,46,94,131,37,0.0164148292122146,RAIL3,VBBR3,False,RAIL3-VBBR3-3,1.0165502927096373
1,46,24,74,50,-0.08750184551155771,BBAS3,LREN3,True,BBAS3-LREN3-1,0.9162171807599209
2,46,75,125,50,0.03369168554909807,BBAS3,LREN3,True,BBAS3-LREN3-2,1.0342656785107984
3,46,126,131,5,0.0011923404142253347,BBAS3,LREN3,False,BBAS3-LREN3-3,1.0011930515346614
1,47,59,109,50,0.12295798049996343,ELET3,ELET6,True,ELET3-ELET6-1,1.1308369027478744
1,47,46,52,6,0.18789992477258943,EQTL3,TAEE11,True,EQTL3-TAEE11-1,1.2067127472541581
1,47,54,104,50,0.019325425634844073,LREN3,ENGI11,True,LREN3-ENGI11-1,1.019513370424893
2,47,105,129,24,-0.007721357631926384,LREN3,ENGI11,False,LREN3-ENGI11-2,0.9923083754740499
1,47,26,76,50,-0.35354505095034217,HGTX3,GEPA4,True,HGTX3-GEPA4-1,0.7021943573523499
2,47,77,127,50,-0.04728530918586449,HGTX3,GEPA4,True,HGTX3-GEPA4-2,0.9538152265200206
3,47,128,129,1,0.03079437430816867,HGTX3,GEPA4,False,HGTX3-GEPA4-3,1.031273425771274
1,47,57,107,50,0.1528655329381352,VIVT3,EGIE3,True,VIVT3-EGIE3-1,1.1651682916515778
1,47,34,59,25,0.24282177078435963,RAIL3,SAPR11,True,RAIL3-SAPR11-1,1.274841389888186
1,47,56,90,34,0.29988321262165485,RADL3,TOTS3,True,RADL3-TOTS3-1,1.3497011703099309
1,47,45,95,50,-0.06887430496320412,BBSE3,CESP6,True,BBSE3-CESP6-1,0.9334440019828331
2,47,96,129,33,0.08745731559273295,BBSE3,CESP6,False,BBSE3-CESP6-2,1.091395677871095
1,47,26,56,30,0.014078311148887135,BBAS3,SANB11,True,BBAS3-SANB11-1,1.0141778772635262
2,47,59,66,7,0.13868249769433927,BBAS3,SANB11,True,BBAS3-SANB11-2,1.148759308366521
3,47,104,129,25,0.051926229634564613,BBAS3,SANB11,False,BBAS3-SANB11-3,1.053298037466099
1,47,66,116,50,0.026670797256275858,VALE3,SANB11,True,VALE3-SANB11-1,1.0270296461281059
2,47,117,129,12,-0.06978606541205457,VALE3,SANB11,False,VALE3-SANB11-2,0.9325933125320381
1,48,1,34,33,0.016972380668760056,ELET3,ELET6,True,ELET3-ELET6-1,1.0171172298396138
2,48,38,88,50,-0.009641246986397789,ELET3,ELET6,True,ELET3-ELET6-2,0.9904050808298122
3,48,89,131,42,0.01262748878501796,ELET3,ELET6,False,ELET3-ELET6-3,1.0127075521664228
1,48,26,76,50,-0.04895855902613078,CMIG3,USIM3,True,CMIG3-USIM3-1,0.9522205898294469
2,48,77,127,50,-0.06099863107476011,CMIG3,USIM3,True,CMIG3-USIM3-2,0.9408245276935705
3,48,128,131,3,-0.026266165467120572,CMIG3,USIM3,False,CMIG3-USIM3-3,0.9740757897643546
1,48,110,131,21,0.04573511349036563,BBAS3,SANB11,False,BBAS3-SANB11-1,1.0467970918015643
1,48,22,72,50,-0.17254072153882483,RENT3,LREN3,True,RENT3-LREN3-1,0.8415240199609869
2,48,73,123,50,0.03767774660581935,RENT3,LREN3,True,RENT3-LREN3-2,1.0383965521419591
3,48,124,131,7,-0.057046604326388195,RENT3,LREN3,False,RENT3-LREN3-3,0.9445500482220061
1,48,1,51,50,0.11621844534957626,CPFE3,SAPR11,True,CPFE3-SAPR11-1,1.1232412121548334
1,48,32,82,50,-0.15260258878562993,EQTL3,TOTS3,True,EQTL3-TOTS3-1,0.8584708199598513
2,48,83,131,48,0.09783407651178999,EQTL3,TOTS3,False,EQTL3-TOTS3-2,1.1027797928576129
1,48,86,131,45,-0.09489448263965938,ENBR3,TRPL4,False,ENBR3-TRPL4-1,0.9094688941624595
1,48,86,99,13,0.04281536245945006,BBSE3,CPFE3,True,BBSE3-CPFE3-1,1.0437451625185798
2,48,105,131,26,0.06480799335195497,BBSE3,CPFE3,False,BBSE3-CPFE3-2,1.066954142426968
1,48,1,51,50,-0.06807149941659363,LOGG3,SAPR11,True,LOGG3-SAPR11-1,0.934193676886397
2,48,52,102,50,-0.29061194236564614,LOGG3,SAPR11,True,LOGG3-SAPR11-2,0.7478058134747437
3,48,103,131,28,0.11169435839428399,LOGG3,SAPR11,False,LOGG3-SAPR11-3,1.1181710488169225
1,49,1,51,50,-0.002465864163986531,ELET3,ELET6,True,ELET3-ELET6-1,0.9975371735816487
2,49,52,102,50,-0.006353956775913883,ELET3,ELET6,True,ELET3-ELET6-2,0.9936661869208009
3,49,103,128,25,-0.0012070367012957384,ELET3,ELET6,False,ELET3-ELET6-3,0.9987936914744956
1,49,54,104,50,-0.016213184009618242,BBSE3,CPFE3,True,BBSE3-CPFE3-1,0.9839175422086566
2,49,105,128,23,0.09318865898555373,BBSE3,CPFE3,False,BBSE3-CPFE3-2,1.0976688008175157
1,49,10,60,50,-0.07825054809291254,EGIE3,GEPA4,True,EGIE3-GEPA4-1,0.9247327075000512
2,49,61,111,50,0.093644376728653,EGIE3,GEPA4,True,EGIE3-GEPA4-2,1.098169141964605
3,49,112,128,16,0.05700706268465128,EGIE3,GEPA4,False,EGIE3-GEPA4-3,1.058663287374047
1,49,99,128,29,0.02431759842725656,CCRO3,ECOR3,False,CCRO3-ECOR3-1,1.0246156825495547
1,49,90,128,38,0.07039348860426342,LREN3,IGTA3,False,LREN3-IGTA3-1,1.0729302840423915
1,49,94,128,34,0.002508418979456195,LREN3,EZTC3,False,LREN3-EZTC3-1,1.0025115676945595
1,49,29,37,8,0.03690131052213763,FLRY3,CPFE3,True,FLRY3-CPFE3-1,1.0375906165089472
2,49,41,48,7,0.060216991973224054,FLRY3,CPFE3,True,FLRY3-CPFE3-2,1.0620669815532053
3,49,56,65,9,0.05158303434439748,FLRY3,CPFE3,True,FLRY3-CPFE3-3,1.0529366125637079
4,49,100,105,5,0.05149447429160281,FLRY3,CPFE3,True,FLRY3-CPFE3-4,1.052843368570617
5,49,127,128,1,0.0021213260331731654,FLRY3,CPFE3,False,FLRY3-CPFE3-5,1.0021235776370898
1,49,106,128,22,0.05829247115719349,LREN3,EGIE3,False,LREN3-EGIE3-1,1.0600249771094779
1,49,45,95,50,0.04768016616736004,CSAN3,MRVE3,True,CSAN3-MRVE3-1,1.0488351487087282
2,49,96,128,32,-0.12901572564940844,CSAN3,MRVE3,False,CSAN3-MRVE3-2,0.8789601432178447
1,49,68,118,50,0.04332592276030223,BBSE3,FLRY3,True,BBSE3-FLRY3-1,1.0442781934233991
1,50,33,83,50,-0.09681900479760719,CCRO3,ECOR3,True,CCRO3-ECOR3-1,0.9077202842826155
2,50,84,131,47,-0.17043660449889653,CCRO3,ECOR3,False,CCRO3-ECOR3-2,0.8432965491413609
1,50,1,51,50,0.02206320518336158,ELET3,ELET6,True,ELET3-ELET6-1,1.0223083976181973
2,50,52,102,50,-0.033325577238562776,ELET3,ELET6,True,ELET3-ELET6-2,0.9672236023308374
3,50,103,131,28,-0.0010710935502684649,ELET3,ELET6,False,ELET3-ELET6-3,0.9989294798656826
1,50,81,131,50,-0.07224634301571031,CPFE3,CYRE3,True,CPFE3-CYRE3-1,0.9303016942563802
1,50,86,131,45,-0.07756713306364382,FLRY3,CPFE3,False,FLRY3-CPFE3-1,0.9253648997306433
1,50,114,131,17,0.018670667997434887,USIM5,USIM3,False,USIM5-USIM3-1,1.018846054748025
1,50,26,40,14,0.10087046069083438,B3SA3,MRVE3,True,B3SA3-MRVE3-1,1.106133344733003
2,50,80,108,28,0.0947342044789159,B3SA3,MRVE3,True,B3SA3-MRVE3-2,1.0993666095681907
3,50,131,131,0,0.0,B3SA3,MRVE3,False,B3SA3-MRVE3-3,1.0
1,50,1,51,50,0.021945090741440687,LREN3,IGTA3,True,LREN3-IGTA3-1,1.0221876553631841
2,50,64,113,49,-0.10948689349849516,LREN3,IGTA3,True,LREN3-IGTA3-2,0.8962939115626272
1,50,15,65,50,0.013353379280789834,RADL3,FLRY3,True,RADL3-FLRY3-1,1.0134429338245245
2,50,71,121,50,-0.14145447049947357,RADL3,FLRY3,True,RADL3-FLRY3-2,0.8680946986031903
3,50,122,131,9,-0.023646667977366143,RADL3,FLRY3,False,RADL3-FLRY3-3,0.9766307237110562
1,50,119,131,12,-0.058414973013765525,LREN3,EGIE3,False,LREN3-EGIE3-1,0.9432584394124216
1,50,121,131,10,0.165579138017365,JHSF3,SYNE3,False,JHSF3-SYNE3-1,1.1800763479267653
1,51,4,54,50,-0.01998535831656545,USIM5,USIM3,True,USIM5-USIM3-1,0.9802130251705002
2,51,55,105,50,0.03771268360621516,USIM5,USIM3,True,USIM5-USIM3-2,1.03843283123645
3,51,109,118,9,0.05141736718232304,USIM5,USIM3,True,USIM5-USIM3-3,1.0527621899917052
1,51,45,95,50,0.0068092094402976144,B3SA3,MRVE3,True,B3SA3-MRVE3-1,1.0068324448151373
2,51,99,128,29,-0.13796553930803368,B3SA3,MRVE3,False,B3SA3-MRVE3-2,0.8711287109267247
1,51,60,110,50,-0.18453453598242175,HYPE3,GEPA4,True,HYPE3-GEPA4-1,0.8314912230372618
2,51,111,128,17,0.10030257070914805,HYPE3,GEPA4,False,HYPE3-GEPA4-2,1.1055053610178271
1,51,1,51,50,-0.002849204536064409,ELET3,ELET6,True,ELET3-ELET6-1,0.9971548505949662
2,51,52,102,50,0.0044888518048282755,ELET3,ELET6,True,ELET3-ELET6-2,1.0044989417919274
3,51,103,128,25,0.03482053996573997,ELET3,ELET6,False,ELET3-ELET6-3,1.0354338731267385
1,51,12,62,50,0.03673138158199096,BBAS3,LCAM3,True,BBAS3-LCAM3-1,1.037414314814982
2,51,69,119,50,-0.12045859376753176,BBAS3,LCAM3,True,BBAS3-LCAM3-2,0.8865137937816671
3,51,120,128,8,0.0769150407081991,BBAS3,LCAM3,False,BBAS3-LCAM3-3,1.0799503206804801
1,51,14,46,32,0.1741572175809929,RADL3,LCAM3,True,RADL3-LCAM3-1,1.1902426781859594
2,51,62,112,50,0.043613900309082965,RADL3,LCAM3,True,RADL3-LCAM3-2,1.0445789654034965
3,51,114,128,14,-0.0834355534571034,RADL3,LCAM3,False,RADL3-LCAM3-3,0.9199503723819729
1,51,67,116,49,0.26203771161734846,BBDC4,CRFB3,True,BBDC4-CRFB3-1,1.2995755506011668
1,51,20,70,50,-0.018933164275059866,RAIL3,MULT3,True,RAIL3-MULT3-1,0.9812449422682976
2,51,71,121,50,0.004757123549164355,RAIL3,MULT3,True,RAIL3-MULT3-2,1.0047684566252166
3,51,122,128,6,-0.030048707319676016,RAIL3,MULT3,False,RAIL3-MULT3-3,0.9703982668988027
1,51,21,71,50,0.045098165309187976,ITUB4,TRPL4,True,ITUB4-TRPL4-1,1.046130548597155
2,51,104,128,24,0.05471281000984041,ITUB4,TRPL4,False,ITUB4-TRPL4-2,1.0562372303533178
1,51,84,128,44,-0.06901899838520631,HYPE3,SANB11,False,HYPE3-SANB11-1,0.9333089485468463
1,52,62,95,33,0.0882185218269993,USIM5,USIM3,True,USIM5-USIM3-1,1.092226771341777
1,52,84,109,25,0.024264256637951398,ELET3,ELET6,True,ELET3-ELET6-1,1.024561029173365
2,52,111,121,10,0.028175715345149843,ELET3,ELET6,True,ELET3-ELET6-2,1.0285764052013058
1,52,108,130,22,0.1001660540724938,GGBR4,TRPL4,False,GGBR4-TRPL4-1,1.1053544514452058
1,52,106,130,24,0.05917586934377095,BBDC4,SAPR11,False,BBDC4-SAPR11-1,1.0609618149915012
1,52,86,130,44,0.11545763373049445,CSAN3,KLBN11,False,CSAN3-KLBN11-1,1.1223869621924487
1,52,2,12,10,-0.007543856501388557,EQTL3,LCAM3,True,EQTL3-LCAM3-1,0.9924845269656207
1,52,62,112,50,-0.026934683172390894,RADL3,CSAN3,True,RADL3-CSAN3-1,0.9734248204691157
2,52,113,130,17,0.014273726324179226,RADL3,CSAN3,False,RADL3-CSAN3-2,1.0143760823767016
1,52,22,30,8,0.08901509196413881,ITUB4,EQTL3,True,ITUB4-EQTL3-1,1.093097153184881
2,52,96,130,34,0.00844717382206328,ITUB4,EQTL3,False,ITUB4-EQTL3-2,1.0084829518650147
1,52,62,112,50,-0.12741152293713176,HYPE3,TAEE11,True,HYPE3-TAEE11-1,0.8803713050557703
2,52,113,130,17,-0.08796240692464252,HYPE3,TAEE11,False,HYPE3-TAEE11-2,0.9157953036380765
1,52,64,94,30,0.1487443250739715,BBDC3,UGPA3,True,BBDC3-UGPA3-1,1.160376272161597
1,53,89,129,40,-0.03501174989669531,ELET3,ELET6,False,ELET3-ELET6-1,0.9655940705603325
1,53,25,75,50,0.09994172424187697,ITUB4,BPAC11,True,ITUB4-BPAC11-1,1.1051065152791204
1,53,55,85,30,0.07143607343842406,USIM5,USIM3,True,USIM5-USIM3-1,1.0740494882159148
1,53,1,51,50,-0.05323563712867596,ENBR3,IGTI11,True,ENBR3-IGTI11-1,0.9481565652665273
2,53,52,102,50,0.11855322113113731,ENBR3,IGTI11,True,ENBR3-IGTI11-2,1.1258667924117132
1,53,1,51,50,-0.014761139030562642,ITUB4,EQTL3,True,ITUB4-EQTL3-1,0.9853472725007637
2,53,52,102,50,-0.009122269236052194,ITUB4,EQTL3,True,ITUB4-EQTL3-2,0.9909192124304832
3,53,103,129,26,-0.004217742668741309,ITUB4,EQTL3,False,ITUB4-EQTL3-3,0.9957911395158909
1,53,1,51,50,-0.005003057025727564,ITUB4,LREN3,True,ITUB4-LREN3-1,0.9950094374185836
2,53,52,102,50,-0.08413584107184402,ITUB4,LREN3,True,ITUB4-LREN3-2,0.9193063680504648
3,53,103,129,26,0.07438160372150548,ITUB4,LREN3,False,ITUB4-LREN3-3,1.077217797393571
1,53,99,129,30,-0.017139773126415125,ABEV3,UGPA3,False,ABEV3-UGPA3-1,0.983006277171552
1,53,1,51,50,-0.007745654866742946,EGIE3,TAEE11,True,EGIE3-TAEE11-1,0.9922842654173457
2,53,52,102,50,-0.04820405122398341,EGIE3,TAEE11,True,EGIE3-TAEE11-2,0.952939318803051
3,53,103,129,26,-0.0677686778537474,EGIE3,TAEE11,False,EGIE3-TAEE11-3,0.9344766137131566
1,53,15,65,50,-0.02489021810246772,BBAS3,CPFE3,True,BBAS3-CPFE3-1,0.9754169892786215
2,53,66,116,50,-0.17305268305419208,BBAS3,CPFE3,True,BBAS3-CPFE3-2,0.8410933023133473
3,53,117,129,12,0.06257560741045776,BBAS3,CPFE3,False,BBAS3-CPFE3-3,1.0645749456300024
1,53,101,129,28,-0.01555136910440913,GGBR4,BRAP4,False,GGBR4-BRAP4-1,0.9845689290285646
1,54,1,47,46,-0.031725281920165216,ENBR3,TRPL4,True,ENBR3-TRPL4-1,0.9687726848976879
1,54,112,127,15,0.033777003760500524,USIM5,USIM3,False,USIM5-USIM3-1,1.0343539239730228
1,54,1,51,50,0.009148857931203569,ELET3,ELET6,True,ELET3-ELET6-1,1.0091908366533862
2,54,52,102,50,-0.014711524028681477,ELET3,ELET6,True,ELET3-ELET6-2,0.9853961617203517
3,54,103,127,24,-0.017615144927632276,ELET3,ELET6,False,ELET3-ELET6-3,0.9825390947584356
1,54,96,127,31,0.011536976581103087,VIVT3,EGIE3,False,VIVT3-EGIE3-1,1.0116037841674101
1,54,55,105,50,0.09687016391757375,RAIL3,IGTI11,True,RAIL3-IGTI11-1,1.101717321673572
1,54,54,70,16,0.075026167524471,TOTS3,SANB11,True,TOTS3-SANB11-1,1.0779123568135647
2,54,107,127,20,0.03167980148312255,TOTS3,SANB11,False,TOTS3-SANB11-2,1.0321869476561285
1,54,12,62,50,0.08190316713992996,GGBR4,BRAP4,True,GGBR4-BRAP4-1,1.0853507071277833
1,54,3,53,50,-0.08153939491250384,EQTL3,SANB11,True,EQTL3-SANB11-1,0.9216963989896669
2,54,54,104,50,0.11948145946647593,EQTL3,SANB11,True,EQTL3-SANB11-2,1.126912350317306
3,54,105,127,22,0.01861565393608089,EQTL3,SANB11,False,EQTL3-SANB11-3,1.0187900054304233
1,54,55,105,50,-0.09731602646224813,HYPE3,ENGI11,True,HYPE3-ENGI11-1,0.9072692397346342
2,54,106,127,21,0.061669486673594065,HYPE3,ENGI11,False,HYPE3-ENGI11-2,1.0636107491010278
1,54,59,109,50,0.02766880401604066,ARZZ3,UNIP6,True,ARZZ3-UNIP6-1,1.0280551402973594
2,54,110,127,17,0.07053383875214259,ARZZ3,UNIP6,False,ARZZ3-UNIP6-2,1.0730808805342935
